{
    "fields": [
        {
            "id": "id",
            "internal": true,
            "key": true,
            "oid": "94207af6-e47a-468f-b1ae-a861a9c2bebb",
            "required": true,
            "singularName": "LOCId",
            "type": "number",
            "unique": true
        },
        {
            "id": "creationDate",
            "internal": true,
            "oid": "9f5f8715-ef55-4e59-97b7-a3874de44af9",
            "singularName": "Created",
            "type": "datetime"
        },
        {
            "id": "lastUpdateDate",
            "internal": true,
            "oid": "31660366-37f2-4d83-8d8e-55e29a4a532c",
            "singularName": "Last Updated",
            "type": "datetime"
        },
        {
            "id": "createdBy",
            "internal": true,
            "oid": "6e834d79-aa2c-4100-b181-2cc08bffda05",
            "singularName": "Created By",
            "type": "string"
        },
        {
            "id": "lastUpdatedBy",
            "internal": true,
            "oid": "4163d264-3838-4a7d-a0cf-83e9dc37af7a",
            "singularName": "Last Updated By",
            "type": "string"
        },
        {
            "hidden": true,
            "id": "abcsChangeNumber",
            "internal": true,
            "oid": "5ee893bc-ba3e-449b-b211-64be85e63966",
            "singularName": "<internal>",
            "type": "number"
        },
        {
            "id": "lOCType",
            "oid": "9c56e0f8-9f13-4f2c-a1b6-62c59481ef23",
            "singularName": "LOCType",
            "type": "string"
        },
        {
            "id": "lOCBank",
            "oid": "d1b632f4-9f98-41fd-8576-910ba5e37624",
            "singularName": "LOCBank",
            "type": "string"
        },
        {
            "id": "lOCAmount",
            "oid": "8cd1248b-34cb-47f4-868b-79bc640908fa",
            "singularName": "LOCAmount",
            "type": "number"
        },
        {
            "id": "lOCOpeningDate",
            "oid": "d8bcb4b1-6428-4c8f-8daa-3d788aebd932",
            "singularName": "LOCOpeningDate",
            "type": "date"
        },
        {
            "id": "lOCExpiry",
            "oid": "6d438379-e0d8-4e2a-9a8d-3abea7b028c0",
            "singularName": "LOCExpiry",
            "type": "date"
        },
        {
            "id": "lOCStatus",
            "oid": "2176aeea-1f34-45a2-b8dc-323414b0269c",
            "singularName": "LOCStatus",
            "type": "string"
        }
    ],
    "id": "LOC",
    "oid": "1dd8b867-4ea0-429c-9864-cfb7403c160b",
    "singularName": "LOC"
}