id,creationDate,lastUpdateDate,createdBy,lastUpdatedBy,lOCType,lOCBank,lOCAmount,lOCOpeningDate,lOCExpiry,lOCStatus
1,2019-01-12T11:55:39,2019-01-12T11:55:39.11,kishore.x.katta@oracle.com,kishore.x.katta@oracle.com,Type1,ABC Bank,10000.0,2019-01-01,2020-01-01,Active
2,2019-01-12T11:55:39,2019-01-12T11:55:39.11,kishore.x.katta@oracle.com,kishore.x.katta@oracle.com,Type2,XYZ Bank,20000.0,2019-01-01,2020-01-01,Active
3,2019-01-12T11:55:39,2019-01-12T11:55:39.11,kishore.x.katta@oracle.com,kishore.x.katta@oracle.com,Type1,LVB Bank,25000.0,2019-01-01,2020-01-01,Active
4,2019-01-12T11:55:39,2019-01-12T11:55:39.11,kishore.x.katta@oracle.com,kishore.x.katta@oracle.com,Type2,OCOCO Bank,30000.0,2019-01-01,2020-01-01,Active
5,2019-01-12T11:55:39,2019-01-12T11:55:39.11,kishore.x.katta@oracle.com,kishore.x.katta@oracle.com,Type3,Green Bank,40000.0,2019-01-01,2020-01-01,Active
6,2019-01-12T11:55:39,2019-01-12T11:55:39.11,kishore.x.katta@oracle.com,kishore.x.katta@oracle.com,Type4,Others Bank,50000.0,2019-01-01,2020-01-01,Active
