{
  "pageModelVersion": "18.3.1",
  "title": "My start page",
  "description": "The starting page of the flow",
  "variables": {
    "failedRecordsAPINTERFACListServiceDataProvider": {
      "type": "vb/ServiceDataProvider",
      "defaultValue": {
        "endpoint": "businessObjects/getall_FailedRecordsAPINTERFAC",
        "idAttribute": "id",
        "itemsPath": "items",
        "responseType": "flow:getallFailedRecordsAPINTERFACResponse"
      }
    },
    "failedRecordsAPINTERFACListServiceDataProvider2": {
      "type": "vb/ServiceDataProvider",
      "defaultValue": {
        "endpoint": "businessObjects/getall_FailedRecordsAPINTERFAC",
        "idAttribute": "id",
        "itemsPath": "items",
        "responseType": "flow:getallFailedRecordsAPINTERFACResponse2"
      }
    }
  },
  "types": {},
  "chains": {},
  "eventListeners": {},
  "imports": {
    "components": {
      "oj-table": {
        "path": "ojs/ojtable"
      }
    }
  }
}