{
    "fields": [
        {
            "hidden": false,
            "name": "id",
            "internal": true,
            "key": true,
            "oid": "200e2603-20f9-4897-af19-6b32c6eb7184",
            "required": true,
            "displayLabel": "Id",
            "type": "number",
            "unique": true
        },
        {
            "hidden": false,
            "name": "creationDate",
            "internal": true,
            "key": false,
            "oid": "aafd1a06-c269-4dd3-be16-4363d200c0ac",
            "displayLabel": "Creation Date",
            "type": "datetime"
        },
        {
            "hidden": false,
            "name": "lastUpdateDate",
            "internal": true,
            "key": false,
            "oid": "1211362b-8b60-4a13-a78b-1ac31c7dc340",
            "displayLabel": "Last Update Date",
            "type": "datetime"
        },
        {
            "hidden": false,
            "name": "createdBy",
            "internal": true,
            "key": false,
            "oid": "9be018e0-3c3e-4bbb-9d44-0806412668be",
            "displayLabel": "Created By",
            "type": "string"
        },
        {
            "hidden": false,
            "name": "lastUpdatedBy",
            "internal": true,
            "key": false,
            "oid": "c1df28c2-5a83-4fa9-898e-f23c26e94b83",
            "displayLabel": "Last Updated By",
            "type": "string"
        },
        {
            "hidden": true,
            "name": "abcsChangeNumber",
            "internal": true,
            "key": false,
            "oid": "311bb698-f88e-4041-9eaf-f6c218e44629",
            "displayLabel": "Update ID",
            "type": "number"
        },
        {
            "name": "iNVOICEID",
            "oid": "befda0de-cdce-4079-bc75-dffe97809e63",
            "displayLabel": "INVOICE_ID",
            "type": "number"
        },
        {
            "name": "iNVOICENUM",
            "oid": "07a51ffc-181f-4edb-83ab-e1d461a31289",
            "displayLabel": "INVOICE_NUM",
            "type": "number"
        },
        {
            "name": "iNVOICETYPELOOKUPCODE",
            "oid": "3ec0c2a5-484f-41bf-a92b-bee362bd1c1a",
            "displayLabel": "INVOICE_TYPE_LOOKUP_CODE",
            "type": "string"
        },
        {
            "name": "iNVOICEDATE",
            "oid": "d402c1cd-0c20-4a0e-9af0-aef58db38be9",
            "displayLabel": "INVOICE_DATE",
            "type": "date"
        },
        {
            "name": "pONUMBER",
            "oid": "bbba30fa-87a0-458e-8d77-7e6dc8c49104",
            "displayLabel": "PO_NUMBER",
            "type": "string"
        },
        {
            "name": "vENDORID",
            "oid": "6e2050ee-c20c-4666-9e52-88d194368363",
            "displayLabel": "VENDOR_ID",
            "type": "number"
        },
        {
            "name": "vENDORNUM",
            "oid": "3e3955ff-2626-4a57-b721-265582a0a73a",
            "displayLabel": "VENDOR_NUM",
            "type": "number"
        },
        {
            "name": "vENDORNAME",
            "oid": "3cb660c4-af27-49dc-9772-685f3e342ba8",
            "displayLabel": "VENDOR_NAME",
            "type": "string"
        },
        {
            "name": "vENDORSITEID",
            "oid": "c1039749-7751-421a-89a0-28beab3ee019",
            "displayLabel": "VENDOR_SITE_ID",
            "type": "string"
        },
        {
            "name": "vENDORSITECODE",
            "oid": "5873456a-5aa2-411c-873a-18fa1eaa9aa3",
            "displayLabel": "VENDOR_SITE_CODE",
            "type": "string"
        },
        {
            "name": "iNVOICEAMOUNT",
            "oid": "d3081b15-54fa-4991-af09-c804af4c0cf2",
            "displayLabel": "INVOICE_AMOUNT",
            "type": "number"
        },
        {
            "name": "iNVOICECURRENCYCODE",
            "oid": "d5839ad2-f9c3-47cf-a522-2719762bd04f",
            "displayLabel": "INVOICE_CURRENCY_CODE",
            "type": "string"
        },
        {
            "name": "eXCHANGERATE",
            "oid": "f75416bf-e681-4be7-93e9-47d256658e0a",
            "displayLabel": "EXCHANGE_RATE",
            "type": "string"
        },
        {
            "name": "eXCHANGERATETYPE",
            "oid": "1422d425-d411-4897-aa66-ec764ec1da1a",
            "displayLabel": "EXCHANGE_RATE_TYPE",
            "type": "string"
        },
        {
            "name": "eXCHANGEDATE",
            "oid": "7f84488d-dd7a-45eb-b9d0-04b78516e1eb",
            "displayLabel": "EXCHANGE_DATE",
            "type": "string"
        },
        {
            "name": "tERMSID",
            "oid": "6076929e-6775-414e-8c94-6befcd7f6909",
            "displayLabel": "TERMS_ID",
            "type": "string"
        },
        {
            "name": "tERMSNAME",
            "oid": "808c2611-8205-40a0-8944-d9730153a5ac",
            "displayLabel": "TERMS_NAME",
            "type": "string"
        },
        {
            "name": "dESCRIPTION",
            "oid": "9c31a508-ab3c-47c5-9303-6a327fd2223e",
            "displayLabel": "DESCRIPTION",
            "type": "string"
        },
        {
            "name": "aWTGROUPID",
            "oid": "d0f8b5f0-73a6-4891-9205-a68f57922ec4",
            "displayLabel": "AWT_GROUP_ID",
            "type": "string"
        },
        {
            "name": "aWTGROUPNAME",
            "oid": "ac2310db-8788-4d7f-99c8-09b6bc4b95ab",
            "displayLabel": "AWT_GROUP_NAME",
            "type": "string"
        },
        {
            "name": "lASTUPDATEDATE2",
            "oid": "1f32c0f4-d9c3-4dd2-a05b-3eb0e561ca54",
            "displayLabel": "LAST_UPDATE_DATE",
            "type": "date"
        },
        {
            "name": "lASTUPDATEDBY2",
            "oid": "56407b9e-b710-445c-87ab-3293a93988c3",
            "displayLabel": "LAST_UPDATED_BY",
            "type": "string"
        },
        {
            "name": "lASTUPDATELOGIN",
            "oid": "2f7b7c77-971d-438b-84d1-f5435e0c6569",
            "displayLabel": "LAST_UPDATE_LOGIN",
            "type": "string"
        },
        {
            "name": "cREATIONDATE2",
            "oid": "f58abd18-eca6-4681-82ab-ce84fe2a30d4",
            "displayLabel": "CREATION_DATE",
            "type": "date"
        },
        {
            "name": "cREATEDBY2",
            "oid": "775a6665-adaf-42c6-b047-8b8959bf81ff",
            "displayLabel": "CREATED_BY",
            "type": "string"
        },
        {
            "name": "aTTRIBUTECATEGORY",
            "oid": "d2aed4a5-ecac-417a-920a-3b9e9ae9ff7b",
            "displayLabel": "ATTRIBUTE_CATEGORY",
            "type": "string"
        },
        {
            "name": "aTTRIBUTE1",
            "oid": "72befd88-f920-4684-b493-71922e516ade",
            "displayLabel": "ATTRIBUTE1",
            "type": "string"
        },
        {
            "name": "aTTRIBUTE2",
            "oid": "896ec439-36f0-4da3-939a-efe1a66467c7",
            "displayLabel": "ATTRIBUTE2",
            "type": "string"
        },
        {
            "name": "aTTRIBUTE3",
            "oid": "ec7b271b-5e4d-4684-b6f4-6ad425bf0e91",
            "displayLabel": "ATTRIBUTE3",
            "type": "string"
        },
        {
            "name": "aTTRIBUTE4",
            "oid": "972aa030-3e29-405a-b38f-bbcb569d2728",
            "displayLabel": "ATTRIBUTE4",
            "type": "string"
        },
        {
            "name": "aTTRIBUTE5",
            "oid": "70f29799-3c18-465d-a064-998630c2d3e2",
            "displayLabel": "ATTRIBUTE5",
            "type": "string"
        },
        {
            "name": "aTTRIBUTE6",
            "oid": "ee43dff6-6140-41ea-bfe2-a33c264f6984",
            "displayLabel": "ATTRIBUTE6",
            "type": "string"
        },
        {
            "name": "aTTRIBUTE7",
            "oid": "3d351aa5-7cb5-48b5-858a-586d9dd2a96f",
            "displayLabel": "ATTRIBUTE7",
            "type": "string"
        },
        {
            "name": "aTTRIBUTE8",
            "oid": "ece28a06-948e-484c-b07d-7d2b5b204bbc",
            "displayLabel": "ATTRIBUTE8",
            "type": "string"
        },
        {
            "name": "aTTRIBUTE9",
            "oid": "a7d97a2e-1dc9-459f-8e33-88b95bff3ab4",
            "displayLabel": "ATTRIBUTE9",
            "type": "string"
        },
        {
            "name": "aTTRIBUTE10",
            "oid": "9a89e26d-6b4e-4caf-a608-f96d50e2eff5",
            "displayLabel": "ATTRIBUTE10",
            "type": "string"
        },
        {
            "name": "aTTRIBUTE11",
            "oid": "9675b12e-a05b-4d42-9277-6c9a848ca862",
            "displayLabel": "ATTRIBUTE11",
            "type": "string"
        },
        {
            "name": "aTTRIBUTE12",
            "oid": "eb0899f5-bb6e-4685-9b22-c47a58ccfdf8",
            "displayLabel": "ATTRIBUTE12",
            "type": "string"
        },
        {
            "name": "aTTRIBUTE13",
            "oid": "89532b46-b69d-4681-9c3d-0fd007ec72d6",
            "displayLabel": "ATTRIBUTE13",
            "type": "string"
        },
        {
            "name": "aTTRIBUTE14",
            "oid": "3d2cfeab-b23b-4ddf-8fd7-ed529835dc30",
            "displayLabel": "ATTRIBUTE14",
            "type": "string"
        },
        {
            "name": "aTTRIBUTE15",
            "oid": "c1b5c1e9-76f1-4041-8736-4c6489b646a7",
            "displayLabel": "ATTRIBUTE15",
            "type": "string"
        },
        {
            "name": "gLOBALATTRIBUTECATEGORY",
            "oid": "9d2dcd60-252f-42b8-bf58-51a1254ec543",
            "displayLabel": "GLOBAL_ATTRIBUTE_CATEGORY",
            "type": "string"
        },
        {
            "name": "gLOBALATTRIBUTE1",
            "oid": "f44e3b73-4051-433b-bf65-3df55e0fdbad",
            "displayLabel": "GLOBAL_ATTRIBUTE1",
            "type": "string"
        },
        {
            "name": "gLOBALATTRIBUTE2",
            "oid": "5d102fda-884e-439d-bf9d-94a955358978",
            "displayLabel": "GLOBAL_ATTRIBUTE2",
            "type": "string"
        },
        {
            "name": "gLOBALATTRIBUTE3",
            "oid": "c52d89eb-7ce1-484e-8e07-a7fa27574e7e",
            "displayLabel": "GLOBAL_ATTRIBUTE3",
            "type": "string"
        },
        {
            "name": "gLOBALATTRIBUTE4",
            "oid": "d4fe8c5c-fab2-4f3c-99bc-0a907c133db0",
            "displayLabel": "GLOBAL_ATTRIBUTE4",
            "type": "string"
        },
        {
            "name": "gLOBALATTRIBUTE5",
            "oid": "e4be7602-6aa5-4f61-83e3-8f1274c5e9ad",
            "displayLabel": "GLOBAL_ATTRIBUTE5",
            "type": "string"
        },
        {
            "name": "gLOBALATTRIBUTE6",
            "oid": "07f3d27a-247f-4a84-8cf3-733e6b1083ff",
            "displayLabel": "GLOBAL_ATTRIBUTE6",
            "type": "string"
        },
        {
            "name": "gLOBALATTRIBUTE7",
            "oid": "4cc64594-2593-4bf8-8fb1-39efc77b224f",
            "displayLabel": "GLOBAL_ATTRIBUTE7",
            "type": "string"
        },
        {
            "name": "gLOBALATTRIBUTE8",
            "oid": "bd656f14-078e-4efa-90e5-a232a7184d64",
            "displayLabel": "GLOBAL_ATTRIBUTE8",
            "type": "string"
        },
        {
            "name": "gLOBALATTRIBUTE9",
            "oid": "7e7918ee-635a-4e32-882a-23738800ac8f",
            "displayLabel": "GLOBAL_ATTRIBUTE9",
            "type": "string"
        },
        {
            "name": "gLOBALATTRIBUTE10",
            "oid": "153a9a52-b60c-4046-b192-06d8f7a6936b",
            "displayLabel": "GLOBAL_ATTRIBUTE10",
            "type": "string"
        },
        {
            "name": "gLOBALATTRIBUTE11",
            "oid": "15535433-ca80-4c09-80cc-14043639d7b2",
            "displayLabel": "GLOBAL_ATTRIBUTE11",
            "type": "string"
        },
        {
            "name": "gLOBALATTRIBUTE12",
            "oid": "9aed13dc-2e6f-4504-a576-d892df5a8085",
            "displayLabel": "GLOBAL_ATTRIBUTE12",
            "type": "string"
        },
        {
            "name": "gLOBALATTRIBUTE13",
            "oid": "601ca6eb-7f95-4340-843f-6ce7dbbaaa24",
            "displayLabel": "GLOBAL_ATTRIBUTE13",
            "type": "string"
        },
        {
            "name": "gLOBALATTRIBUTE14",
            "oid": "07118221-60f6-4e32-a25a-ef20af9166a0",
            "displayLabel": "GLOBAL_ATTRIBUTE14",
            "type": "string"
        },
        {
            "name": "gLOBALATTRIBUTE15",
            "oid": "79d069fe-9279-4560-bddc-c1fba68f1091",
            "displayLabel": "GLOBAL_ATTRIBUTE15",
            "type": "string"
        },
        {
            "name": "gLOBALATTRIBUTE16",
            "oid": "7df68c6c-fe03-40a9-952d-3bf1a55f1d6f",
            "displayLabel": "GLOBAL_ATTRIBUTE16",
            "type": "string"
        },
        {
            "name": "gLOBALATTRIBUTE17",
            "oid": "f04106ca-a117-4bff-90e1-3c25a516c434",
            "displayLabel": "GLOBAL_ATTRIBUTE17",
            "type": "string"
        },
        {
            "name": "gLOBALATTRIBUTE18",
            "oid": "16de98ff-bdc1-4468-b65a-7420c973638e",
            "displayLabel": "GLOBAL_ATTRIBUTE18",
            "type": "string"
        },
        {
            "name": "gLOBALATTRIBUTE19",
            "oid": "5c749f73-1181-43f4-8ea2-783f27947e72",
            "displayLabel": "GLOBAL_ATTRIBUTE19",
            "type": "string"
        },
        {
            "name": "gLOBALATTRIBUTE20",
            "oid": "6e1fd134-42ae-4d9e-b121-6efdfcab847b",
            "displayLabel": "GLOBAL_ATTRIBUTE20",
            "type": "string"
        },
        {
            "name": "gLOBALATTRIBUTENUMBER1",
            "oid": "a5ac9a6c-2d59-464a-ac1d-bb5d01e2ee97",
            "displayLabel": "GLOBAL_ATTRIBUTE_NUMBER1",
            "type": "string"
        },
        {
            "name": "gLOBALATTRIBUTENUMBER2",
            "oid": "4ab6b05c-668e-439f-9fa8-818ee05fc483",
            "displayLabel": "GLOBAL_ATTRIBUTE_NUMBER2",
            "type": "string"
        },
        {
            "name": "gLOBALATTRIBUTENUMBER3",
            "oid": "ea15fe4a-c4d5-4d36-b584-3ad9787fa990",
            "displayLabel": "GLOBAL_ATTRIBUTE_NUMBER3",
            "type": "string"
        },
        {
            "name": "gLOBALATTRIBUTENUMBER4",
            "oid": "9d047a34-f619-4dd0-a3c1-93a585249c59",
            "displayLabel": "GLOBAL_ATTRIBUTE_NUMBER4",
            "type": "string"
        },
        {
            "name": "gLOBALATTRIBUTENUMBER5",
            "oid": "867c3094-8036-481f-92d0-5923c33822bc",
            "displayLabel": "GLOBAL_ATTRIBUTE_NUMBER5",
            "type": "string"
        },
        {
            "name": "gLOBALATTRIBUTEDATE1",
            "oid": "db8da461-27f4-468c-8d9b-0a3a8e396e81",
            "displayLabel": "GLOBAL_ATTRIBUTE_DATE1",
            "type": "string"
        },
        {
            "name": "gLOBALATTRIBUTEDATE2",
            "oid": "1d081381-24f9-4380-b129-94364d16aa9f",
            "displayLabel": "GLOBAL_ATTRIBUTE_DATE2",
            "type": "string"
        },
        {
            "name": "gLOBALATTRIBUTEDATE3",
            "oid": "eab53704-832a-4269-8303-25306109cc4b",
            "displayLabel": "GLOBAL_ATTRIBUTE_DATE3",
            "type": "string"
        },
        {
            "name": "gLOBALATTRIBUTEDATE4",
            "oid": "5016b80f-8c63-43e5-b87d-c1eaec04b0e5",
            "displayLabel": "GLOBAL_ATTRIBUTE_DATE4",
            "type": "string"
        },
        {
            "name": "gLOBALATTRIBUTEDATE5",
            "oid": "d3755885-e604-4793-9e7c-270532686e12",
            "displayLabel": "GLOBAL_ATTRIBUTE_DATE5",
            "type": "string"
        },
        {
            "name": "aTTRIBUTENUMBER1",
            "oid": "f99d9843-a8f3-427e-93b4-82f849ddfbfc",
            "displayLabel": "ATTRIBUTE_NUMBER1",
            "type": "string"
        },
        {
            "name": "aTTRIBUTENUMBER2",
            "oid": "ce26593f-28d7-4875-8fa8-a7a99c8a6563",
            "displayLabel": "ATTRIBUTE_NUMBER2",
            "type": "string"
        },
        {
            "name": "aTTRIBUTENUMBER3",
            "oid": "3d375ac6-b215-4efe-b6ba-5aae31efe494",
            "displayLabel": "ATTRIBUTE_NUMBER3",
            "type": "string"
        },
        {
            "name": "aTTRIBUTENUMBER4",
            "oid": "8366a41c-dca6-4762-85c8-9a68d94726f1",
            "displayLabel": "ATTRIBUTE_NUMBER4",
            "type": "string"
        },
        {
            "name": "aTTRIBUTENUMBER5",
            "oid": "03c00c15-2e85-48ca-b4b0-754cfb833bb9",
            "displayLabel": "ATTRIBUTE_NUMBER5",
            "type": "string"
        },
        {
            "name": "aTTRIBUTEDATE1",
            "oid": "153fae9b-2055-4c0a-9365-3c0c22f3dd9c",
            "displayLabel": "ATTRIBUTE_DATE1",
            "type": "string"
        },
        {
            "name": "aTTRIBUTEDATE2",
            "oid": "4f1a5239-33d3-4762-9c64-90e94bb6c099",
            "displayLabel": "ATTRIBUTE_DATE2",
            "type": "string"
        },
        {
            "name": "aTTRIBUTEDATE3",
            "oid": "b31d959c-8f89-4792-b5fa-6ba383730d0a",
            "displayLabel": "ATTRIBUTE_DATE3",
            "type": "string"
        },
        {
            "name": "aTTRIBUTEDATE4",
            "oid": "06b5264c-f748-4f93-b994-611689a427db",
            "displayLabel": "ATTRIBUTE_DATE4",
            "type": "string"
        },
        {
            "name": "aTTRIBUTEDATE5",
            "oid": "51db562c-012c-4f48-95c3-737c65c2d244",
            "displayLabel": "ATTRIBUTE_DATE5",
            "type": "string"
        },
        {
            "name": "sTATUS",
            "oid": "50116718-21f1-42a0-bb15-2b70db8ff311",
            "displayLabel": "STATUS",
            "type": "string"
        },
        {
            "name": "sOURCE",
            "oid": "76d8ccc9-7c2e-4bfc-8d43-869c2fdc985e",
            "displayLabel": "SOURCE",
            "type": "string"
        },
        {
            "name": "gROUPID",
            "oid": "5f89935e-eb30-42b6-af9c-2a1a7f1b47d0",
            "displayLabel": "GROUP_ID",
            "type": "string"
        },
        {
            "name": "rEQUESTID",
            "oid": "d6dadc28-371b-4b23-96e0-74b78e150145",
            "displayLabel": "REQUEST_ID",
            "type": "number"
        },
        {
            "name": "pAYMENTCROSSRATETYPE",
            "oid": "36f6b458-14b6-4d5f-8443-80ee08b23854",
            "displayLabel": "PAYMENT_CROSS_RATE_TYPE",
            "type": "string"
        },
        {
            "name": "pAYMENTCROSSRATEDATE",
            "oid": "b0a874c8-7f8b-4b03-ab84-3f9e032bc2a3",
            "displayLabel": "PAYMENT_CROSS_RATE_DATE",
            "type": "string"
        },
        {
            "name": "pAYMENTCROSSRATE",
            "oid": "f672b1bd-d9be-400b-a977-47834eacd951",
            "displayLabel": "PAYMENT_CROSS_RATE",
            "type": "string"
        },
        {
            "name": "pAYMENTCURRENCYCODE",
            "oid": "408d9300-38ed-4579-bcd1-6e5a48c73643",
            "displayLabel": "PAYMENT_CURRENCY_CODE",
            "type": "string"
        },
        {
            "name": "wORKFLOWFLAG",
            "oid": "ed619e4c-0121-4a16-b186-7ca116058f92",
            "displayLabel": "WORKFLOW_FLAG",
            "type": "string"
        },
        {
            "name": "dOCCATEGORYCODE",
            "oid": "c9492cb9-a2d8-4105-9ddc-0ba7d885c9fb",
            "displayLabel": "DOC_CATEGORY_CODE",
            "type": "string"
        },
        {
            "name": "vOUCHERNUM",
            "oid": "3dc9ae10-a91e-40ac-a314-7b142954a235",
            "displayLabel": "VOUCHER_NUM",
            "type": "string"
        },
        {
            "name": "pAYMENTMETHODLOOKUPCODE",
            "oid": "291cdaf4-972d-4f52-8ac5-fa696f518643",
            "displayLabel": "PAYMENT_METHOD_LOOKUP_CODE",
            "type": "string"
        },
        {
            "name": "pAYGROUPLOOKUPCODE",
            "oid": "a8775a90-2fbf-4c3b-943c-9e1431910043",
            "displayLabel": "PAY_GROUP_LOOKUP_CODE",
            "type": "string"
        },
        {
            "name": "gOODSRECEIVEDDATE",
            "oid": "1be26089-0020-4743-a465-bad8ca00cb23",
            "displayLabel": "GOODS_RECEIVED_DATE",
            "type": "string"
        },
        {
            "name": "iNVOICERECEIVEDDATE",
            "oid": "b1bbe799-3078-4dc0-ab62-cfaee4c9907a",
            "displayLabel": "INVOICE_RECEIVED_DATE",
            "type": "string"
        },
        {
            "name": "gLDATE",
            "oid": "7e811749-88bd-47a8-8092-c5c96e1c0062",
            "displayLabel": "GL_DATE",
            "type": "date"
        },
        {
            "name": "aCCTSPAYCODECOMBID",
            "oid": "9e6fb08a-338d-4826-a55e-d51471d752df",
            "displayLabel": "ACCTS_PAY_CODE_COMBINATION_ID",
            "type": "string"
        },
        {
            "name": "uSSGLTRANSACTIONCODE",
            "oid": "090e440b-9daf-42a5-9cd4-c51964c22e3a",
            "displayLabel": "USSGL_TRANSACTION_CODE",
            "type": "string"
        },
        {
            "name": "eXCLUSIVEPAYMENTFLAG",
            "oid": "6f803f52-d4bf-4068-8921-f4710a1cc87b",
            "displayLabel": "EXCLUSIVE_PAYMENT_FLAG",
            "type": "string"
        },
        {
            "name": "oRGID",
            "oid": "6926b0fe-7c65-489b-aa39-24dce7b3ccb5",
            "displayLabel": "ORG_ID",
            "type": "number"
        },
        {
            "name": "aMOUNTAPPLICABLETODISC",
            "oid": "c619526e-8dcc-4a70-801a-df69dfadb93f",
            "displayLabel": "AMOUNT_APPLICABLE_TO_DISCOUNT",
            "type": "string"
        },
        {
            "name": "pREPAYNUM",
            "oid": "a9f179be-66c6-477c-b786-04f041313a3e",
            "displayLabel": "PREPAY_NUM",
            "type": "string"
        },
        {
            "name": "pREPAYAPPLYAMOUNT",
            "oid": "0e774295-7cb3-450d-b721-45c8a7feee8c",
            "displayLabel": "PREPAY_APPLY_AMOUNT",
            "type": "string"
        },
        {
            "name": "pREPAYGLDATE",
            "oid": "b8a31ddc-c366-4ee3-815e-98f1a93c8787",
            "displayLabel": "PREPAY_GL_DATE",
            "type": "string"
        },
        {
            "name": "iNVOICEINCLSPREPAYFLAG",
            "oid": "6ffcb31f-6e9b-4912-b527-279e12cec5a1",
            "displayLabel": "INVOICE_INCLUDES_PREPAY_FLAG",
            "type": "string"
        },
        {
            "name": "nOXRATEBASEAMOUNT",
            "oid": "e487aedb-d09c-40af-9d59-349782e42f7d",
            "displayLabel": "NO_XRATE_BASE_AMOUNT",
            "type": "string"
        },
        {
            "name": "vENDOREMAILADDRESS",
            "oid": "0bf7e4dc-8c2f-487f-9fa1-6f27a3742b12",
            "displayLabel": "VENDOR_EMAIL_ADDRESS",
            "type": "string"
        },
        {
            "name": "tERMSDATE",
            "oid": "94668262-d3ff-4116-bd6c-27fed9dbea9c",
            "displayLabel": "TERMS_DATE",
            "type": "date"
        },
        {
            "name": "rEQUESTERID",
            "oid": "a2331d15-a897-4aca-9be0-e5a8accbd75a",
            "displayLabel": "REQUESTER_ID",
            "type": "string"
        },
        {
            "name": "sHIPTOLOCATION",
            "oid": "c6977ede-f165-4e5c-9cd3-d295c6296079",
            "displayLabel": "SHIP_TO_LOCATION",
            "type": "string"
        },
        {
            "name": "eXTERNALDOCREF",
            "oid": "a6d840f6-7682-41fa-8ece-64e8e2e57a21",
            "displayLabel": "EXTERNAL_DOC_REF",
            "type": "string"
        },
        {
            "name": "pREPAYLINENUM",
            "oid": "ca6594dc-8093-4791-8759-52dcf55c3912",
            "displayLabel": "PREPAY_LINE_NUM",
            "type": "string"
        },
        {
            "name": "rEQUESTERFIRSTNAME",
            "oid": "4d2a1aab-618d-4789-8e3b-aec64d260a48",
            "displayLabel": "REQUESTER_FIRST_NAME",
            "type": "string"
        },
        {
            "name": "rEQUESTERLASTNAME",
            "oid": "3d544d94-734b-473e-925a-4e78717a8afa",
            "displayLabel": "REQUESTER_LAST_NAME",
            "type": "string"
        },
        {
            "name": "aPPLICATIONID",
            "oid": "8da7da9e-0fd5-4b4c-88a4-28a12f7eaff5",
            "displayLabel": "APPLICATION_ID",
            "type": "string"
        },
        {
            "name": "pRODUCTTABLE",
            "oid": "63681517-b162-4b3f-be68-18428daf354a",
            "displayLabel": "PRODUCT_TABLE",
            "type": "string"
        },
        {
            "name": "rEFERENCEKEY1",
            "oid": "396d6a4a-e6f9-4189-b065-191d7ad1f05a",
            "displayLabel": "REFERENCE_KEY1",
            "type": "string"
        },
        {
            "name": "rEFERENCEKEY2",
            "oid": "144df71e-74ad-4def-85d3-e76ffe2aca6f",
            "displayLabel": "REFERENCE_KEY2",
            "type": "string"
        },
        {
            "name": "rEFERENCEKEY3",
            "oid": "e067ba82-5bfa-4b60-af37-bbd5e3ac44d4",
            "displayLabel": "REFERENCE_KEY3",
            "type": "string"
        },
        {
            "name": "rEFERENCEKEY4",
            "oid": "0d20a1d1-6ed8-4dc0-8f68-52a2b8fc87a6",
            "displayLabel": "REFERENCE_KEY4",
            "type": "string"
        },
        {
            "name": "rEFERENCEKEY5",
            "oid": "daecf7ae-6326-436f-a065-b56d2b8ba61b",
            "displayLabel": "REFERENCE_KEY5",
            "type": "string"
        },
        {
            "name": "aPPLYADVANCESFLAG",
            "oid": "93d9edd4-d257-464e-ad74-34da56feb865",
            "displayLabel": "APPLY_ADVANCES_FLAG",
            "type": "string"
        },
        {
            "name": "cALCTAXDURINGIMPORTFLAG",
            "oid": "f4f09363-e960-42bd-9484-f7421422d70a",
            "displayLabel": "CALC_TAX_DURING_IMPORT_FLAG",
            "type": "string"
        },
        {
            "name": "cONTROLAMOUNT",
            "oid": "8511eba5-66c2-4d82-9d0c-fafa01467eb3",
            "displayLabel": "CONTROL_AMOUNT",
            "type": "string"
        },
        {
            "name": "aDDTAXTOINVAMTFLAG",
            "oid": "41b75a24-1e8e-4ae5-aa3c-89839e3adeb4",
            "displayLabel": "ADD_TAX_TO_INV_AMT_FLAG",
            "type": "string"
        },
        {
            "name": "tAXRELATEDINVOICEID",
            "oid": "5d73cf13-6152-4198-a41d-d0868a06e93e",
            "displayLabel": "TAX_RELATED_INVOICE_ID",
            "type": "string"
        },
        {
            "name": "tAXATIONCOUNTRY",
            "oid": "e0321bf0-233f-4c87-9a00-48c9b5ed1aec",
            "displayLabel": "TAXATION_COUNTRY",
            "type": "string"
        },
        {
            "name": "dOCUMENTSUBTYPE",
            "oid": "ed9a9bdc-0faa-4d83-90f4-0550061249bc",
            "displayLabel": "DOCUMENT_SUB_TYPE",
            "type": "string"
        },
        {
            "name": "sUPPLIERTAXINVOICENUM",
            "oid": "736114e1-bbb0-419e-aa7c-a353aa012ebc",
            "displayLabel": "SUPPLIER_TAX_INVOICE_NUMBER",
            "type": "string"
        },
        {
            "name": "sUPPLIERTAXINVOICEDATE",
            "oid": "8c413563-3540-4486-a3da-63767f902cf8",
            "displayLabel": "SUPPLIER_TAX_INVOICE_DATE",
            "type": "string"
        },
        {
            "name": "sUPPLIERTAXEXCHANGERATE",
            "oid": "309e6661-48b5-47f1-b552-db30e5267343",
            "displayLabel": "SUPPLIER_TAX_EXCHANGE_RATE",
            "type": "string"
        },
        {
            "name": "tAXINVOICERECORDINGDATE",
            "oid": "b8f15bae-3c3c-4447-ac54-17d4d474b90f",
            "displayLabel": "TAX_INVOICE_RECORDING_DATE",
            "type": "string"
        },
        {
            "name": "tAXINVOICEINTERNALSEQ",
            "oid": "446b6c9c-05a4-4609-98ab-bdc8a3797a14",
            "displayLabel": "TAX_INVOICE_INTERNAL_SEQ",
            "type": "string"
        },
        {
            "name": "lEGALENTITYID",
            "oid": "581c882f-32bb-448b-977e-53a8fc2dc282",
            "displayLabel": "LEGAL_ENTITY_ID",
            "type": "string"
        },
        {
            "name": "lEGALENTITYNAME",
            "oid": "2e7f5448-303c-4e48-a2fd-aae2eeac71ba",
            "displayLabel": "LEGAL_ENTITY_NAME",
            "type": "string"
        },
        {
            "name": "rEFERENCE1",
            "oid": "cd7925da-ab64-427e-9bc2-ab870cd1de9c",
            "displayLabel": "REFERENCE_1",
            "type": "string"
        },
        {
            "name": "rEFERENCE2",
            "oid": "09316013-7269-4470-96db-a21bd8809729",
            "displayLabel": "REFERENCE_2",
            "type": "string"
        },
        {
            "name": "oPERATINGUNIT",
            "oid": "fb912d0d-e49b-47e4-9af3-931610a1db75",
            "displayLabel": "OPERATING_UNIT",
            "type": "string"
        },
        {
            "name": "bANKCHARGEBEARER",
            "oid": "edb0d20c-bf8a-4c72-8506-b0ab9ed4b47c",
            "displayLabel": "BANK_CHARGE_BEARER",
            "type": "string"
        },
        {
            "name": "rEMITTANCEMESSAGE1",
            "oid": "843cc5ce-d1da-4d29-beb4-bbeb41b204f1",
            "displayLabel": "REMITTANCE_MESSAGE1",
            "type": "string"
        },
        {
            "name": "rEMITTANCEMESSAGE2",
            "oid": "fc2bda2e-bd4b-4a90-a045-4a4f5e13bfc6",
            "displayLabel": "REMITTANCE_MESSAGE2",
            "type": "string"
        },
        {
            "name": "rEMITTANCEMESSAGE3",
            "oid": "fd769234-d365-46b4-900f-826529145219",
            "displayLabel": "REMITTANCE_MESSAGE3",
            "type": "string"
        },
        {
            "name": "uNIQUEREMITTANCEID",
            "oid": "40c8a93b-8064-4cfe-a2c6-bd7c7ad99987",
            "displayLabel": "UNIQUE_REMITTANCE_IDENTIFIER",
            "type": "string"
        },
        {
            "name": "uRICHECKDIGIT",
            "oid": "1029d1f9-1463-4bfd-ada5-c8564dde47a5",
            "displayLabel": "URI_CHECK_DIGIT",
            "type": "string"
        },
        {
            "name": "sETTLEMENTPRIORITY",
            "oid": "f7a6649a-8ed3-4527-96ae-08b3693cb88a",
            "displayLabel": "SETTLEMENT_PRIORITY",
            "type": "string"
        },
        {
            "name": "pAYMENTREASONCODE",
            "oid": "61a07408-9c39-4517-b148-ed94a4f52569",
            "displayLabel": "PAYMENT_REASON_CODE",
            "type": "string"
        },
        {
            "name": "pAYMENTREASONCOMMENTS",
            "oid": "5d52f976-66e1-42af-a59f-418975b41990",
            "displayLabel": "PAYMENT_REASON_COMMENTS",
            "type": "string"
        },
        {
            "name": "pAYMENTMETHODCODE",
            "oid": "49f5b1a9-61e2-44a3-bb8d-358d1de15b28",
            "displayLabel": "PAYMENT_METHOD_CODE",
            "type": "string"
        },
        {
            "name": "dELIVERYCHANNELCODE",
            "oid": "5d744461-fd87-408d-8afe-2f2054aa5808",
            "displayLabel": "DELIVERY_CHANNEL_CODE",
            "type": "string"
        },
        {
            "name": "pAIDONBEHALFEMPLOYEEID",
            "oid": "2bb9e489-7786-4318-8567-2d4ec19de889",
            "displayLabel": "PAID_ON_BEHALF_EMPLOYEE_ID",
            "type": "string"
        },
        {
            "name": "nETOFRETAINAGEFLAG",
            "oid": "ed064a36-c9d3-4558-bbdd-c52d1d28c007",
            "displayLabel": "NET_OF_RETAINAGE_FLAG",
            "type": "string"
        },
        {
            "name": "rEQUESTEREMPLOYEENUM",
            "oid": "3510c7b2-8eb5-4526-9581-60adc5e558dc",
            "displayLabel": "REQUESTER_EMPLOYEE_NUM",
            "type": "string"
        },
        {
            "name": "cUSTREGISTRATIONCODE",
            "oid": "0c2943f0-402d-481c-a3f6-d792a7e29713",
            "displayLabel": "CUST_REGISTRATION_CODE",
            "type": "string"
        },
        {
            "name": "cUSTREGISTRATIONNUMBER",
            "oid": "9b487af3-e0ca-4c49-8aa0-3b6472a3f52d",
            "displayLabel": "CUST_REGISTRATION_NUMBER",
            "type": "string"
        },
        {
            "name": "pARTYID",
            "oid": "472cfc4a-9a1e-4b17-82b3-25f22f58284b",
            "displayLabel": "PARTY_ID",
            "type": "string"
        },
        {
            "name": "pARTYSITEID",
            "oid": "433fade9-275a-430b-96f7-352a93e72454",
            "displayLabel": "PARTY_SITE_ID",
            "type": "string"
        },
        {
            "name": "pAYPROCTRXNTYPECODE",
            "oid": "0a4586cd-a460-4982-aa37-d1157d17c4c8",
            "displayLabel": "PAY_PROC_TRXN_TYPE_CODE",
            "type": "string"
        },
        {
            "name": "pAYMENTFUNCTION",
            "oid": "b9235a84-10b3-4a82-820f-dafe474bfbf8",
            "displayLabel": "PAYMENT_FUNCTION",
            "type": "string"
        },
        {
            "name": "pAYMENTPRIORITY",
            "oid": "39ca6834-482b-4383-9639-ee20588ab6f9",
            "displayLabel": "PAYMENT_PRIORITY",
            "type": "number"
        },
        {
            "name": "pORTOFENTRYCODE",
            "oid": "2439c294-6e0f-44b9-baa1-8321a673468c",
            "displayLabel": "PORT_OF_ENTRY_CODE",
            "type": "string"
        },
        {
            "name": "eXTERNALBANKACCOUNTID",
            "oid": "cbca2965-9f11-4a48-9d7f-0c009f5149ef",
            "displayLabel": "EXTERNAL_BANK_ACCOUNT_ID",
            "type": "string"
        },
        {
            "name": "aCCTSPAYCODECONCAT",
            "oid": "a73d997a-a90f-4606-ab05-81349422eb28",
            "displayLabel": "ACCTS_PAY_CODE_CONCATENATED",
            "type": "string"
        },
        {
            "name": "iMPORTDOCUMENTNUMBER",
            "oid": "5969822e-b3ea-44ab-b2ec-a94e6c60974a",
            "displayLabel": "IMPORT_DOCUMENT_NUMBER",
            "type": "string"
        },
        {
            "name": "iMPORTDOCUMENTDATE",
            "oid": "25a62909-054e-4a78-8f19-0f08556e579d",
            "displayLabel": "IMPORT_DOCUMENT_DATE",
            "type": "string"
        },
        {
            "name": "cORRECTIONYEAR",
            "oid": "c06bbd37-e879-4b9a-b4a8-7dc23ea4a325",
            "displayLabel": "CORRECTION_YEAR",
            "type": "string"
        },
        {
            "name": "cORRECTIONPERIOD",
            "oid": "069275e4-01fb-4ac7-9bcf-3dbdef67fb1e",
            "displayLabel": "CORRECTION_PERIOD",
            "type": "string"
        },
        {
            "name": "oBJECTVERSIONNUMBER",
            "oid": "282d8ace-bcc2-41bc-aaf0-22b37349762d",
            "displayLabel": "OBJECT_VERSION_NUMBER",
            "type": "number"
        },
        {
            "name": "eMPLOYEEADDRESSCODE",
            "oid": "26844a14-998f-40d3-b61d-94a3bcb4fb0e",
            "displayLabel": "EMPLOYEE_ADDRESS_CODE",
            "type": "string"
        },
        {
            "name": "iNTERCOMPANYFLAG",
            "oid": "9e0abccb-2532-430d-acd5-8bf036ca810f",
            "displayLabel": "INTERCOMPANY_FLAG",
            "type": "string"
        },
        {
            "name": "lOADREQUESTID",
            "oid": "cf187c53-6a50-4d83-a5c7-d2d74876b3a7",
            "displayLabel": "LOAD_REQUEST_ID",
            "type": "number"
        },
        {
            "name": "cHECKVATAMOUNTPAID",
            "oid": "77c74981-686c-4377-af8d-399001579826",
            "displayLabel": "CHECK_VAT_AMOUNT_PAID",
            "type": "string"
        },
        {
            "name": "tRANSACTIONDEADLINE",
            "oid": "da97a52a-4f75-4079-9874-093c6bf52933",
            "displayLabel": "TRANSACTION_DEADLINE",
            "type": "string"
        },
        {
            "name": "rOUTINGATTRIBUTE1",
            "oid": "ed056147-c900-4609-8aec-dec356336f91",
            "displayLabel": "ROUTING_ATTRIBUTE1",
            "type": "string"
        },
        {
            "name": "rOUTINGATTRIBUTE2",
            "oid": "16524eb7-bb0f-443e-88a2-d1180d1dc065",
            "displayLabel": "ROUTING_ATTRIBUTE2",
            "type": "string"
        },
        {
            "name": "rOUTINGATTRIBUTE3",
            "oid": "3f3bc68a-f81e-4b9b-b071-55af16ea6055",
            "displayLabel": "ROUTING_ATTRIBUTE3",
            "type": "string"
        },
        {
            "name": "rOUTINGATTRIBUTE4",
            "oid": "e9ad9954-231c-4164-bf85-c192ff3f7b11",
            "displayLabel": "ROUTING_ATTRIBUTE4",
            "type": "string"
        },
        {
            "name": "rOUTINGATTRIBUTE5",
            "oid": "0a857f8c-0f60-44be-9cf7-ba70a0a43c0d",
            "displayLabel": "ROUTING_ATTRIBUTE5",
            "type": "string"
        },
        {
            "name": "iMAGEDOCUMENTNUM",
            "oid": "16026236-fdb1-4bbc-b8f3-2a01d4306eaa",
            "displayLabel": "IMAGE_DOCUMENT_NUM",
            "type": "string"
        },
        {
            "name": "iMAGEDOCUMENTURI",
            "oid": "5236006b-3cd8-4906-b4fc-44e4b03c2d48",
            "displayLabel": "IMAGE_DOCUMENT_URI",
            "type": "string"
        },
        {
            "name": "bUDGETDATE",
            "oid": "b683c25e-8e2d-4772-9501-fb95ecb48444",
            "displayLabel": "BUDGET_DATE",
            "type": "string"
        },
        {
            "name": "fIRSTPARTYREGID",
            "oid": "476da0ae-cde5-4b60-931e-b4bf586f8a7e",
            "displayLabel": "FIRST_PARTY_REGISTRATION_ID",
            "type": "string"
        },
        {
            "name": "tHIRDPARTYREGID",
            "oid": "b4993ef9-d487-47d5-bcaa-edac8318001e",
            "displayLabel": "THIRD_PARTY_REGISTRATION_ID",
            "type": "string"
        },
        {
            "name": "fIRSTPARTYREGNUM",
            "oid": "a9e2f813-d24c-4bde-b9f7-37507b4040bc",
            "displayLabel": "FIRST_PARTY_REGISTRATION_NUM",
            "type": "string"
        },
        {
            "name": "tHIRDPARTYREGNUM",
            "oid": "e13dab6a-06ac-4d4a-bf78-ce8854b27b0f",
            "displayLabel": "THIRD_PARTY_REGISTRATION_NUM",
            "type": "string"
        },
        {
            "name": "aUTOMATICMATCHINGFLAG",
            "oid": "4ed5a05b-1f52-4298-b8ef-f5c8e21ef6eb",
            "displayLabel": "AUTOMATIC_MATCHING_FLAG",
            "type": "string"
        },
        {
            "name": "mATCHINGRULESET",
            "oid": "df132d29-f49d-4f33-ac68-55b2970aaede",
            "displayLabel": "MATCHING_RULE_SET",
            "type": "string"
        },
        {
            "name": "mATCHINGRULESETID",
            "oid": "717e0290-91dd-4ba6-9ce5-7bca8793d8de",
            "displayLabel": "MATCHING_RULE_SET_ID",
            "type": "string"
        },
        {
            "name": "fISCALDOCACCESSKEY",
            "oid": "3cc85a85-b1ed-41be-991c-d007399aecbb",
            "displayLabel": "FISCAL_DOC_ACCESS_KEY",
            "type": "string"
        },
        {
            "name": "rEMITTOSUPPLIERNAME",
            "oid": "be61b537-6bd1-46fa-b36d-bf7760721295",
            "displayLabel": "REMIT_TO_SUPPLIER_NAME",
            "type": "string"
        },
        {
            "name": "rEMITTOSUPPLIERID",
            "oid": "e1add71a-8999-4fd4-bbd4-74e802e383f7",
            "displayLabel": "REMIT_TO_SUPPLIER_ID",
            "type": "string"
        },
        {
            "name": "rEMITTOADDRESSNAME",
            "oid": "c5e8e6ea-cd31-4af0-99eb-1c9b70f5975c",
            "displayLabel": "REMIT_TO_ADDRESS_NAME",
            "type": "string"
        },
        {
            "name": "rEMITTOADDRESSID",
            "oid": "25b98859-e1ec-4208-9185-377f7c8f4a6b",
            "displayLabel": "REMIT_TO_ADDRESS_ID",
            "type": "string"
        },
        {
            "name": "rELATIONSHIPID",
            "oid": "066c2016-a71d-4d32-bd1f-c3b3da3acfb7",
            "displayLabel": "RELATIONSHIP_ID",
            "type": "string"
        },
        {
            "name": "rEMITTOSUPPLIERNUM",
            "oid": "5ea43e1a-572a-4ebe-879f-dc7c9119b1f2",
            "displayLabel": "REMIT_TO_SUPPLIER_NUM",
            "type": "string"
        }
    ],
    "name": "FailedRecordsAPINVOICES",
    "oid": "1e8d17ad-7fb8-4a96-a969-d826327be14d",
    "displayLabel": "FailedRecords_AP_INVOICES_INTERFACE",
    "security": {
        "type": "local",
        "acl": [
            {
                "roleId": "approle.authenticated.user",
                "privileges": [
                    {
                        "name": "view",
                        "value": true
                    },
                    {
                        "name": "create",
                        "value": true
                    },
                    {
                        "name": "update",
                        "value": true
                    },
                    {
                        "name": "delete",
                        "value": true
                    }
                ]
            }
        ]
    }
}