{
    "flowModelVersion": "18.3.1",
    "id": "main",
    "description": "Flow main",
    "defaultPage": "main-start",
    "chains": {},
    "services": {},
    "types": {
        "getallFailedRecordsAPINTERFACResponse": {
            "items": [
                {
                    "id": "number",
                    "createdBy": "string",
                    "pARENTTABLE": "string",
                    "pARENTID": "number",
                    "iNVOICEID": "string",
                    "rEJECTIONMESSAGE": "string"
                }
            ]
        },
        "@decorators.getallFailedRecordsAPINTERFACResponse": {
            "endpoint": "getall_FailedRecordsAPINTERFAC",
            "service": "businessObjects",
            "path": "response"
        },
        "getallFailedRecordsAPINTERFACResponse2": {
            "items": [
                {
                    "id": "number",
                    "createdBy": "string",
                    "pARENTTABLE": "string",
                    "pARENTID": "number",
                    "rEJECTLOOKUPCODE": "string",
                    "iNVOICEID": "string"
                }
            ]
        },
        "@decorators.getallFailedRecordsAPINTERFACResponse2": {
            "endpoint": "getall_FailedRecordsAPINTERFAC",
            "service": "businessObjects",
            "path": "response"
        }
      },
    "variables": {}
}