{
    "fields": [
        {
            "hidden": false,
            "name": "id",
            "internal": true,
            "key": true,
            "oid": "c186a2a2-784d-4c88-8e43-027f305d3b1e",
            "required": true,
            "displayLabel": "Id",
            "type": "number",
            "unique": true
        },
        {
            "hidden": false,
            "name": "creationDate",
            "internal": true,
            "key": false,
            "oid": "cd0f00fa-64fd-4f5c-b8b5-6fcf72715e64",
            "displayLabel": "Creation Date",
            "type": "datetime"
        },
        {
            "hidden": false,
            "name": "lastUpdateDate",
            "internal": true,
            "key": false,
            "oid": "4b2e12a1-f87c-4be9-b4c8-9d1b83bb96b7",
            "displayLabel": "Last Update Date",
            "type": "datetime"
        },
        {
            "hidden": false,
            "name": "createdBy",
            "internal": true,
            "key": false,
            "oid": "0ef1fe52-243f-422c-b784-1ae222b6852f",
            "displayLabel": "Created By",
            "type": "string"
        },
        {
            "hidden": false,
            "name": "lastUpdatedBy",
            "internal": true,
            "key": false,
            "oid": "6e162cf1-2320-4405-8ce1-e88e08c98b61",
            "displayLabel": "Last Updated By",
            "type": "string"
        },
        {
            "hidden": true,
            "name": "abcsChangeNumber",
            "internal": true,
            "key": false,
            "oid": "a93ed1e2-670c-47d6-939f-144527e28b61",
            "displayLabel": "Update ID",
            "type": "number"
        },
        {
            "name": "iNVOICEID",
            "oid": "98353caf-3bc7-4285-ba06-04734b82e6a4",
            "displayLabel": "INVOICE_ID",
            "type": "number"
        },
        {
            "name": "iNVOICELINEID",
            "oid": "0f31a8d5-6e05-4323-b016-e853e251dc98",
            "displayLabel": "INVOICE_LINE_ID",
            "type": "number"
        },
        {
            "name": "lINENUMBER",
            "oid": "e774da83-3541-466c-aa2b-735ef2284f4b",
            "displayLabel": "LINE_NUMBER",
            "type": "number"
        },
        {
            "name": "lINETYPELOOKUPCODE",
            "oid": "9f489016-7174-4391-90c9-28d1076be063",
            "displayLabel": "LINE_TYPE_LOOKUP_CODE",
            "type": "string"
        },
        {
            "name": "lINEGROUPNUMBER",
            "oid": "801282ad-9f5e-46eb-996c-751389cd362b",
            "displayLabel": "LINE_GROUP_NUMBER",
            "type": "number"
        },
        {
            "name": "aMOUNT",
            "oid": "58b634cc-a4e6-403d-8476-26cc18862f36",
            "displayLabel": "AMOUNT",
            "type": "number"
        },
        {
            "name": "aCCOUNTINGDATE",
            "oid": "17c0485d-61f1-495a-b07d-f0ddfd6e8bd6",
            "displayLabel": "ACCOUNTING_DATE",
            "type": "date"
        },
        {
            "name": "dESCRIPTION",
            "oid": "6e6cf95c-caf9-4312-9df1-9b53f853c847",
            "displayLabel": "DESCRIPTION",
            "type": "string"
        },
        {
            "name": "pRORATEACROSSFLAG",
            "oid": "bc8f2bce-315a-4988-8820-58427c443d76",
            "displayLabel": "PRORATE_ACROSS_FLAG",
            "type": "string"
        },
        {
            "name": "tAXCODE",
            "oid": "17376564-152d-4847-921b-b514075cdedb",
            "displayLabel": "TAX_CODE",
            "type": "string"
        },
        {
            "name": "fINALMATCHFLAG",
            "oid": "f899f0aa-7132-405c-9a9c-5253b6ec6b34",
            "displayLabel": "FINAL_MATCH_FLAG",
            "type": "string"
        },
        {
            "name": "pOHEADERID",
            "oid": "cb4eef57-a022-4869-947d-41cd86042d27",
            "displayLabel": "PO_HEADER_ID",
            "type": "string"
        },
        {
            "name": "pONUMBER",
            "oid": "974cc137-8703-4f2e-94fe-a92ff49a66b8",
            "displayLabel": "PO_NUMBER",
            "type": "string"
        },
        {
            "name": "pOLINEID",
            "oid": "8907dd4e-bc0e-4fa7-a3b0-272b468790f9",
            "displayLabel": "PO_LINE_ID",
            "type": "string"
        },
        {
            "name": "pOLINENUMBER",
            "oid": "db0367e5-27ec-4b19-9d1e-cfcff2c5c3b0",
            "displayLabel": "PO_LINE_NUMBER",
            "type": "string"
        },
        {
            "name": "pOLINELOCATIONID",
            "oid": "46c46ef3-3127-46b0-a2e7-832fdd8dac20",
            "displayLabel": "PO_LINE_LOCATION_ID",
            "type": "string"
        },
        {
            "name": "pOSHIPMENTNUM",
            "oid": "8701155f-63e7-43b5-93c6-6016c72a80c5",
            "displayLabel": "PO_SHIPMENT_NUM",
            "type": "string"
        },
        {
            "name": "pODISTRIBUTIONID",
            "oid": "0a659b80-9410-4cfb-8180-1b0d51bf7dc2",
            "displayLabel": "PO_DISTRIBUTION_ID",
            "type": "string"
        },
        {
            "name": "pODISTRIBUTIONNUM",
            "oid": "07629e3f-2c60-49e4-97bc-6f95ff9cb830",
            "displayLabel": "PO_DISTRIBUTION_NUM",
            "type": "string"
        },
        {
            "name": "iNVENTORYITEMID",
            "oid": "80d34aed-08fa-4d43-aec9-f1f2e60c0faf",
            "displayLabel": "INVENTORY_ITEM_ID",
            "type": "string"
        },
        {
            "name": "iTEMDESCRIPTION",
            "oid": "776beb87-4d1f-4abc-872d-b07f42f0b7a6",
            "displayLabel": "ITEM_DESCRIPTION",
            "type": "string"
        },
        {
            "name": "qUANTITYINVOICED",
            "oid": "a4d781b7-0722-4dc2-a9a3-3f3dd831cadb",
            "displayLabel": "QUANTITY_INVOICED",
            "type": "string"
        },
        {
            "name": "sHIPTOLOCATIONCODE",
            "oid": "36f74dfd-604b-4976-a71a-662fc4b0b25b",
            "displayLabel": "SHIP_TO_LOCATION_CODE",
            "type": "string"
        },
        {
            "name": "uNITPRICE",
            "oid": "d417cd65-1cae-4337-8bc4-310aed9cb158",
            "displayLabel": "UNIT_PRICE",
            "type": "string"
        },
        {
            "name": "dISTRIBUTIONSETID",
            "oid": "4cd1f7e2-f609-4802-91ce-89cfd1753546",
            "displayLabel": "DISTRIBUTION_SET_ID",
            "type": "string"
        },
        {
            "name": "dISTRIBUTIONSETNAME",
            "oid": "0cb688e4-d1d9-4d3a-a105-e150ef22e084",
            "displayLabel": "DISTRIBUTION_SET_NAME",
            "type": "string"
        },
        {
            "name": "dISTCODECONCATENATED",
            "oid": "ad74fe1b-9447-4cac-be32-c978ecae9362",
            "displayLabel": "DIST_CODE_CONCATENATED",
            "type": "string"
        },
        {
            "name": "dISTCODECOMBINATIONID",
            "oid": "b93e8be7-8a7c-4ed1-99de-c76b9cec450d",
            "displayLabel": "DIST_CODE_COMBINATION_ID",
            "type": "string"
        },
        {
            "name": "aWTGROUPID",
            "oid": "0fe2083e-3718-458d-9dde-38f1bac717d1",
            "displayLabel": "AWT_GROUP_ID",
            "type": "string"
        },
        {
            "name": "aWTGROUPNAME",
            "oid": "8e3975d1-39c9-4663-a27b-417fce0c7f47",
            "displayLabel": "AWT_GROUP_NAME",
            "type": "string"
        },
        {
            "name": "lASTUPDATEDBY2",
            "oid": "c4f8632a-ecc7-412e-9aef-5eb812bf7046",
            "displayLabel": "LAST_UPDATED_BY",
            "type": "string"
        },
        {
            "name": "lASTUPDATEDATE2",
            "oid": "012da494-c510-433e-a64b-ad6ddcd30d14",
            "displayLabel": "LAST_UPDATE_DATE",
            "type": "date"
        },
        {
            "name": "lASTUPDATELOGIN",
            "oid": "404598d7-9663-47f8-a1fe-9e60cef1e10c",
            "displayLabel": "LAST_UPDATE_LOGIN",
            "type": "string"
        },
        {
            "name": "cREATEDBY2",
            "oid": "f6524851-41e8-4d3c-9576-90479a52f8fa",
            "displayLabel": "CREATED_BY",
            "type": "string"
        },
        {
            "name": "cREATIONDATE2",
            "oid": "21b76140-d044-40d1-a3bb-c498dc286f9d",
            "displayLabel": "CREATION_DATE",
            "type": "date"
        },
        {
            "name": "aTTRIBUTECATEGORY",
            "oid": "73c22ca0-a040-407a-a860-d2b09b00bf2b",
            "displayLabel": "ATTRIBUTE_CATEGORY",
            "type": "string"
        },
        {
            "name": "aTTRIBUTE1",
            "oid": "01b60953-8994-445b-94e5-f659bf9f2965",
            "displayLabel": "ATTRIBUTE1",
            "type": "string"
        },
        {
            "name": "aTTRIBUTE2",
            "oid": "56a67d36-eeff-462c-9f78-b5dd3c49dfb3",
            "displayLabel": "ATTRIBUTE2",
            "type": "string"
        },
        {
            "name": "aTTRIBUTE3",
            "oid": "25f3c344-8e1c-4127-939b-5f3db2b75b33",
            "displayLabel": "ATTRIBUTE3",
            "type": "string"
        },
        {
            "name": "aTTRIBUTE4",
            "oid": "f50f2184-911c-4e01-b437-52f5171fb836",
            "displayLabel": "ATTRIBUTE4",
            "type": "string"
        },
        {
            "name": "aTTRIBUTE5",
            "oid": "b647ed16-80a9-4d8a-ad77-54cf47611e5a",
            "displayLabel": "ATTRIBUTE5",
            "type": "string"
        },
        {
            "name": "aTTRIBUTE6",
            "oid": "eb683cae-896c-4645-9e77-cc670cd6c807",
            "displayLabel": "ATTRIBUTE6",
            "type": "string"
        },
        {
            "name": "aTTRIBUTE7",
            "oid": "0a4559d9-c116-4904-b081-da6d914fc71a",
            "displayLabel": "ATTRIBUTE7",
            "type": "string"
        },
        {
            "name": "aTTRIBUTE8",
            "oid": "58ba88a6-4275-4b30-865e-d861eab7f9e9",
            "displayLabel": "ATTRIBUTE8",
            "type": "string"
        },
        {
            "name": "aTTRIBUTE9",
            "oid": "8f6def1e-65bf-4182-aa69-1859fe6e5bed",
            "displayLabel": "ATTRIBUTE9",
            "type": "string"
        },
        {
            "name": "aTTRIBUTE10",
            "oid": "f9017188-e6e6-4038-9b66-4a46a8d35c94",
            "displayLabel": "ATTRIBUTE10",
            "type": "string"
        },
        {
            "name": "aTTRIBUTE11",
            "oid": "b8e25b77-5854-41e4-b62a-dc786abf718a",
            "displayLabel": "ATTRIBUTE11",
            "type": "string"
        },
        {
            "name": "aTTRIBUTE12",
            "oid": "c6c1613c-0897-4b7e-a2db-95a979c1903f",
            "displayLabel": "ATTRIBUTE12",
            "type": "string"
        },
        {
            "name": "aTTRIBUTE13",
            "oid": "c479beb4-a67b-4343-a46f-521451a1e645",
            "displayLabel": "ATTRIBUTE13",
            "type": "string"
        },
        {
            "name": "aTTRIBUTE14",
            "oid": "4439c65e-06de-481f-9a94-963893bab6c1",
            "displayLabel": "ATTRIBUTE14",
            "type": "string"
        },
        {
            "name": "aTTRIBUTE15",
            "oid": "0d4e302e-4e5c-4905-a6aa-e878ccf9ff86",
            "displayLabel": "ATTRIBUTE15",
            "type": "string"
        },
        {
            "name": "gLOBALATTRIBUTECATEGORY",
            "oid": "982e79cd-d6fe-4798-8c92-a704d0c7bb7e",
            "displayLabel": "GLOBAL_ATTRIBUTE_CATEGORY",
            "type": "string"
        },
        {
            "name": "gLOBALATTRIBUTE1",
            "oid": "6441aa34-f1c8-4886-a136-40a41d3ed708",
            "displayLabel": "GLOBAL_ATTRIBUTE1",
            "type": "string"
        },
        {
            "name": "gLOBALATTRIBUTE2",
            "oid": "d9bd5efe-f894-49cb-bef1-cf0d187d904c",
            "displayLabel": "GLOBAL_ATTRIBUTE2",
            "type": "string"
        },
        {
            "name": "gLOBALATTRIBUTE3",
            "oid": "fdbc3133-c768-4c02-89be-1079b5aa5ca9",
            "displayLabel": "GLOBAL_ATTRIBUTE3",
            "type": "string"
        },
        {
            "name": "gLOBALATTRIBUTE4",
            "oid": "e5c0106b-1523-4dd1-bc11-f0ad9909c1ec",
            "displayLabel": "GLOBAL_ATTRIBUTE4",
            "type": "string"
        },
        {
            "name": "gLOBALATTRIBUTE5",
            "oid": "997110b5-c4fa-4dd7-bbd8-703125731bb2",
            "displayLabel": "GLOBAL_ATTRIBUTE5",
            "type": "string"
        },
        {
            "name": "gLOBALATTRIBUTE6",
            "oid": "9e8ba599-720c-4a0e-afef-8ac8d65b43f7",
            "displayLabel": "GLOBAL_ATTRIBUTE6",
            "type": "string"
        },
        {
            "name": "gLOBALATTRIBUTE7",
            "oid": "4ea937c6-06c1-4129-bf40-abe275092ea3",
            "displayLabel": "GLOBAL_ATTRIBUTE7",
            "type": "string"
        },
        {
            "name": "gLOBALATTRIBUTE8",
            "oid": "33bc2493-3fca-4414-bc8f-d686e2303a1e",
            "displayLabel": "GLOBAL_ATTRIBUTE8",
            "type": "string"
        },
        {
            "name": "gLOBALATTRIBUTE9",
            "oid": "66e92a8c-4ea3-4a88-a9c8-f22a74fba591",
            "displayLabel": "GLOBAL_ATTRIBUTE9",
            "type": "string"
        },
        {
            "name": "gLOBALATTRIBUTE10",
            "oid": "31aa5ec3-75b0-4e23-bbb8-4f466f46d2e8",
            "displayLabel": "GLOBAL_ATTRIBUTE10",
            "type": "string"
        },
        {
            "name": "gLOBALATTRIBUTE11",
            "oid": "cbc3b737-f4ea-44a2-8f6c-909a41ea01fa",
            "displayLabel": "GLOBAL_ATTRIBUTE11",
            "type": "string"
        },
        {
            "name": "gLOBALATTRIBUTE12",
            "oid": "c72352c1-3d91-485b-874d-fc4ee4357300",
            "displayLabel": "GLOBAL_ATTRIBUTE12",
            "type": "string"
        },
        {
            "name": "gLOBALATTRIBUTE13",
            "oid": "cd90c362-ecde-403c-92c7-e7843eae7bff",
            "displayLabel": "GLOBAL_ATTRIBUTE13",
            "type": "string"
        },
        {
            "name": "gLOBALATTRIBUTE14",
            "oid": "f13bf6dd-f78e-49e0-9c09-ae4bb829deac",
            "displayLabel": "GLOBAL_ATTRIBUTE14",
            "type": "string"
        },
        {
            "name": "gLOBALATTRIBUTE15",
            "oid": "03d94280-41fe-4cb8-949f-c59bf2a08212",
            "displayLabel": "GLOBAL_ATTRIBUTE15",
            "type": "string"
        },
        {
            "name": "gLOBALATTRIBUTE16",
            "oid": "01b918a7-734c-4e4f-a802-8f1882b8fb13",
            "displayLabel": "GLOBAL_ATTRIBUTE16",
            "type": "string"
        },
        {
            "name": "gLOBALATTRIBUTE17",
            "oid": "aed71c3a-0aaa-48a7-8a51-ce756be6e492",
            "displayLabel": "GLOBAL_ATTRIBUTE17",
            "type": "string"
        },
        {
            "name": "gLOBALATTRIBUTE18",
            "oid": "89ab4362-baf2-40d0-a8f2-d87ae76c6912",
            "displayLabel": "GLOBAL_ATTRIBUTE18",
            "type": "string"
        },
        {
            "name": "gLOBALATTRIBUTE19",
            "oid": "9739229e-3fd5-42d1-a2e0-3de32a84ca61",
            "displayLabel": "GLOBAL_ATTRIBUTE19",
            "type": "string"
        },
        {
            "name": "gLOBALATTRIBUTE20",
            "oid": "f1b2ac86-23fc-4d07-aa91-049a7bb70e58",
            "displayLabel": "GLOBAL_ATTRIBUTE20",
            "type": "string"
        },
        {
            "name": "pORELEASEID",
            "oid": "d0077968-4c81-46fd-bcb1-746a8219c257",
            "displayLabel": "PO_RELEASE_ID",
            "type": "string"
        },
        {
            "name": "rELEASENUM",
            "oid": "d0503155-1cf9-4519-9ea0-cbbb73a26e15",
            "displayLabel": "RELEASE_NUM",
            "type": "string"
        },
        {
            "name": "aCCOUNTSEGMENT",
            "oid": "76520d20-422d-41e9-9ee5-ad20a74856fe",
            "displayLabel": "ACCOUNT_SEGMENT",
            "type": "string"
        },
        {
            "name": "bALANCINGSEGMENT",
            "oid": "ca1679d9-bd3d-4794-8b43-06531680b118",
            "displayLabel": "BALANCING_SEGMENT",
            "type": "string"
        },
        {
            "name": "cOSTCENTERSEGMENT",
            "oid": "4d5f2b9c-d527-46cb-890a-bade7794642c",
            "displayLabel": "COST_CENTER_SEGMENT",
            "type": "string"
        },
        {
            "name": "pROJECTID",
            "oid": "90b5b887-c873-498f-9cf6-0ff325425d50",
            "displayLabel": "PROJECT_ID",
            "type": "string"
        },
        {
            "name": "tASKID",
            "oid": "964e1865-9e90-40d9-a640-4335305e18c0",
            "displayLabel": "TASK_ID",
            "type": "string"
        },
        {
            "name": "eXPENDITURETYPE",
            "oid": "2e54143a-6f32-4780-984b-9e53e6582a03",
            "displayLabel": "EXPENDITURE_TYPE",
            "type": "string"
        },
        {
            "name": "eXPENDITUREITEMDATE",
            "oid": "9b5bdcc3-6f6d-4c94-bd9a-a941ce111a03",
            "displayLabel": "EXPENDITURE_ITEM_DATE",
            "type": "string"
        },
        {
            "name": "eXPENDITUREORGANIZATIONID",
            "oid": "64c06657-b42a-4991-9437-1aa0f62e2b69",
            "displayLabel": "EXPENDITURE_ORGANIZATION_ID",
            "type": "string"
        },
        {
            "name": "pAADDITIONFLAG",
            "oid": "c71d039b-bd37-453e-8ff4-04024cde6a3a",
            "displayLabel": "PA_ADDITION_FLAG",
            "type": "string"
        },
        {
            "name": "pAQUANTITY",
            "oid": "80fb4922-9734-4427-9f4b-651ddcc7a508",
            "displayLabel": "PA_QUANTITY",
            "type": "string"
        },
        {
            "name": "uSSGLTRANSACTIONCODE",
            "oid": "227e4069-3d01-48a0-b157-8b8ece27b4ef",
            "displayLabel": "USSGL_TRANSACTION_CODE",
            "type": "string"
        },
        {
            "name": "sTATAMOUNT",
            "oid": "313c87d8-31b3-419e-b13e-801a4e78347b",
            "displayLabel": "STAT_AMOUNT",
            "type": "string"
        },
        {
            "name": "tYPE1099",
            "oid": "1994efd3-67e4-407c-a26c-d0de2642e46d",
            "displayLabel": "TYPE_1099",
            "type": "string"
        },
        {
            "name": "iNCOMETAXREGION",
            "oid": "8d716acb-ac37-46ee-a689-23a235d1bd84",
            "displayLabel": "INCOME_TAX_REGION",
            "type": "string"
        },
        {
            "name": "aSSETSTRACKINGFLAG",
            "oid": "24f9bb1e-b2ca-4cf9-8e48-14d8d7c7e587",
            "displayLabel": "ASSETS_TRACKING_FLAG",
            "type": "string"
        },
        {
            "name": "tAXCODEID",
            "oid": "5cec58a9-d96c-415d-a322-39252addd8e6",
            "displayLabel": "TAX_CODE_ID",
            "type": "string"
        },
        {
            "name": "pRICECORRECTIONFLAG",
            "oid": "a3f76f63-82ce-4806-9f8a-9d550ce2e49f",
            "displayLabel": "PRICE_CORRECTION_FLAG",
            "type": "string"
        },
        {
            "name": "oRGID",
            "oid": "caa36701-383a-4345-a305-1ec6af4dfba8",
            "displayLabel": "ORG_ID",
            "type": "string"
        },
        {
            "name": "rECEIPTNUMBER",
            "oid": "f4c48d4a-aab6-4d68-9944-ed47c48a77cc",
            "displayLabel": "RECEIPT_NUMBER",
            "type": "string"
        },
        {
            "name": "rECEIPTLINENUMBER",
            "oid": "4b784b43-2fa3-4fa9-a4c7-4fcfc421fc20",
            "displayLabel": "RECEIPT_LINE_NUMBER",
            "type": "string"
        },
        {
            "name": "mATCHOPTION",
            "oid": "4790101a-dd9e-4039-87c5-b71698b43642",
            "displayLabel": "MATCH_OPTION",
            "type": "string"
        },
        {
            "name": "pACKINGSLIP",
            "oid": "799ed144-8578-4878-925b-4ca5b5b95e68",
            "displayLabel": "PACKING_SLIP",
            "type": "string"
        },
        {
            "name": "rCVTRANSACTIONID",
            "oid": "359f9516-600c-4f0e-ac65-3c688466f116",
            "displayLabel": "RCV_TRANSACTION_ID",
            "type": "string"
        },
        {
            "name": "pACCARINVOICEID",
            "oid": "aa05baf6-61d9-4be1-8e5a-42d7c4d0fa52",
            "displayLabel": "PA_CC_AR_INVOICE_ID",
            "type": "string"
        },
        {
            "name": "pACCARINVOICELINENUM",
            "oid": "061026de-a1a3-421d-b676-6d2027ce4f82",
            "displayLabel": "PA_CC_AR_INVOICE_LINE_NUM",
            "type": "string"
        },
        {
            "name": "rEFERENCE1",
            "oid": "183c7657-7bb3-48cf-93c4-0f9a4eaf9ff2",
            "displayLabel": "REFERENCE_1",
            "type": "string"
        },
        {
            "name": "rEFERENCE2",
            "oid": "c087ec58-0143-4f0e-9f09-dff6d54bc149",
            "displayLabel": "REFERENCE_2",
            "type": "string"
        },
        {
            "name": "pACCPROCESSEDCODE",
            "oid": "be1fd53c-1f8a-4ba9-b0a0-775c61967fc1",
            "displayLabel": "PA_CC_PROCESSED_CODE",
            "type": "string"
        },
        {
            "name": "cARDTRXID",
            "oid": "ad4acebd-964c-4678-90ba-7ac4addf5e8c",
            "displayLabel": "CARD_TRX_ID",
            "type": "string"
        },
        {
            "name": "cREDITCARDTRXID",
            "oid": "77addec9-023d-43a5-9fc7-a00b93b31328",
            "displayLabel": "CREDIT_CARD_TRX_ID",
            "type": "string"
        },
        {
            "name": "aWARDID",
            "oid": "c44d4d2c-86e9-4e09-b893-dce8e7cf95ee",
            "displayLabel": "AWARD_ID",
            "type": "string"
        },
        {
            "name": "vENDORITEMNUM",
            "oid": "84a05a6f-8d2c-4e23-87df-6bb830dee53c",
            "displayLabel": "VENDOR_ITEM_NUM",
            "type": "string"
        },
        {
            "name": "tAXABLEFLAG",
            "oid": "c82968c7-7c37-44aa-82eb-9eb867c7dae6",
            "displayLabel": "TAXABLE_FLAG",
            "type": "string"
        },
        {
            "name": "pRICECORRECTINVNUM",
            "oid": "6c4fd2c9-8b4b-4b34-a412-b23974e38a90",
            "displayLabel": "PRICE_CORRECT_INV_NUM",
            "type": "string"
        },
        {
            "name": "eXTERNALDOCLINEREF",
            "oid": "0a9b8d33-4c31-465e-a1af-8c26ebe52da9",
            "displayLabel": "EXTERNAL_DOC_LINE_REF",
            "type": "string"
        },
        {
            "name": "sERIALNUMBER",
            "oid": "4b19b2d5-60c5-4b1e-bbce-4a06387abafb",
            "displayLabel": "SERIAL_NUMBER",
            "type": "string"
        },
        {
            "name": "mANUFACTURER",
            "oid": "55857882-bb6b-4cd8-b3c3-29357cf762bb",
            "displayLabel": "MANUFACTURER",
            "type": "string"
        },
        {
            "name": "mODELNUMBER",
            "oid": "a993e939-ab6b-4d05-9a11-b973dd9d6ba3",
            "displayLabel": "MODEL_NUMBER",
            "type": "string"
        },
        {
            "name": "wARRANTYNUMBER",
            "oid": "802400a7-3c0c-4a79-8162-a4ffb34d490e",
            "displayLabel": "WARRANTY_NUMBER",
            "type": "string"
        },
        {
            "name": "dEFERREDACCTGFLAG",
            "oid": "4cb19493-29bb-4ebe-9812-65db9265e66a",
            "displayLabel": "DEFERRED_ACCTG_FLAG",
            "type": "string"
        },
        {
            "name": "dEFACCTGSTARTDATE",
            "oid": "59d0a2a0-9a5c-41ae-bfed-1340d9a0884d",
            "displayLabel": "DEF_ACCTG_START_DATE",
            "type": "string"
        },
        {
            "name": "dEFACCTGENDDATE",
            "oid": "21230b75-8132-48de-aa51-615b74544512",
            "displayLabel": "DEF_ACCTG_END_DATE",
            "type": "string"
        },
        {
            "name": "dEFACCTGNUMBEROFPERIODS",
            "oid": "39c70476-fa11-4020-ab1f-02bfe831a5e4",
            "displayLabel": "DEF_ACCTG_NUMBER_OF_PERIODS",
            "type": "string"
        },
        {
            "name": "dEFACCTGPERIODTYPE",
            "oid": "1b1d2787-23f2-4807-85a2-1682d7acedc1",
            "displayLabel": "DEF_ACCTG_PERIOD_TYPE",
            "type": "string"
        },
        {
            "name": "uNITOFMEASLOOKUPCODE",
            "oid": "95993725-a524-4dd5-b95c-88451b3205a9",
            "displayLabel": "UNIT_OF_MEAS_LOOKUP_CODE",
            "type": "string"
        },
        {
            "name": "pRICECORRECTINVLINENUM",
            "oid": "0d0f0704-951d-4419-a94c-32b2ff48c150",
            "displayLabel": "PRICE_CORRECT_INV_LINE_NUM",
            "type": "string"
        },
        {
            "name": "aSSETBOOKTYPECODE",
            "oid": "eb3bf56d-300e-4524-81e8-9eb4867de6d6",
            "displayLabel": "ASSET_BOOK_TYPE_CODE",
            "type": "string"
        },
        {
            "name": "aSSETCATEGORYID",
            "oid": "c4ddad6c-7a9c-4430-963e-7cd79c0c2a6b",
            "displayLabel": "ASSET_CATEGORY_ID",
            "type": "string"
        },
        {
            "name": "rEQUESTERID",
            "oid": "9cbb252f-e962-47fe-b162-5fd417c3562f",
            "displayLabel": "REQUESTER_ID",
            "type": "string"
        },
        {
            "name": "rEQUESTERFIRSTNAME",
            "oid": "d66dda9f-05bc-497f-89d2-69be56dd7de8",
            "displayLabel": "REQUESTER_FIRST_NAME",
            "type": "string"
        },
        {
            "name": "rEQUESTERLASTNAME",
            "oid": "24af00fe-047a-46bd-bec3-acf190529d18",
            "displayLabel": "REQUESTER_LAST_NAME",
            "type": "string"
        },
        {
            "name": "rEQUESTEREMPLOYEENUM",
            "oid": "18a16ea8-8a7d-4603-b50e-25e1f9bc2d4d",
            "displayLabel": "REQUESTER_EMPLOYEE_NUM",
            "type": "string"
        },
        {
            "name": "aPPLICATIONID",
            "oid": "4ae9807b-cf58-4f49-92bb-2060a94707da",
            "displayLabel": "APPLICATION_ID",
            "type": "string"
        },
        {
            "name": "pRODUCTTABLE",
            "oid": "f5e1b76f-874a-461d-ac21-04772865a119",
            "displayLabel": "PRODUCT_TABLE",
            "type": "string"
        },
        {
            "name": "rEFERENCEKEY1",
            "oid": "3c011fd4-e2c6-4fe4-abc9-2f8d6b6b5a99",
            "displayLabel": "REFERENCE_KEY1",
            "type": "string"
        },
        {
            "name": "rEFERENCEKEY2",
            "oid": "ae70c0ea-52c9-4703-8302-f0f81d2d5f4a",
            "displayLabel": "REFERENCE_KEY2",
            "type": "string"
        },
        {
            "name": "rEFERENCEKEY3",
            "oid": "9992297a-5be7-4ad6-b779-7ba34ba74d59",
            "displayLabel": "REFERENCE_KEY3",
            "type": "string"
        },
        {
            "name": "rEFERENCEKEY4",
            "oid": "f3b2a500-de79-4595-b905-cc94fa78018b",
            "displayLabel": "REFERENCE_KEY4",
            "type": "string"
        },
        {
            "name": "rEFERENCEKEY5",
            "oid": "c5b92aec-aff8-4ed7-81c0-78dd36f26a21",
            "displayLabel": "REFERENCE_KEY5",
            "type": "string"
        },
        {
            "name": "pURCHASINGCATEGORY",
            "oid": "f0b0eb00-fdce-4a1d-b6b3-422c3008c4b5",
            "displayLabel": "PURCHASING_CATEGORY",
            "type": "string"
        },
        {
            "name": "pURCHASINGCATEGORYID",
            "oid": "9b5c8fe4-a94b-473b-a035-d1b515a23292",
            "displayLabel": "PURCHASING_CATEGORY_ID",
            "type": "string"
        },
        {
            "name": "cOSTFACTORID",
            "oid": "44de9ded-471d-479b-8a40-0ace3e0241e5",
            "displayLabel": "COST_FACTOR_ID",
            "type": "string"
        },
        {
            "name": "cOSTFACTORNAME",
            "oid": "aca74c97-705c-4901-ac68-ce3efd53c578",
            "displayLabel": "COST_FACTOR_NAME",
            "type": "string"
        },
        {
            "name": "cONTROLAMOUNT",
            "oid": "d2aa8f70-6048-4f7e-b998-bf565a79a068",
            "displayLabel": "CONTROL_AMOUNT",
            "type": "string"
        },
        {
            "name": "aSSESSABLEVALUE",
            "oid": "e8d0fd1c-3384-4c55-aa7a-7fdb0c1cb55f",
            "displayLabel": "ASSESSABLE_VALUE",
            "type": "string"
        },
        {
            "name": "dEFAULTDISTCCID",
            "oid": "2360bdae-fc5c-4a13-827d-73ebe42ce941",
            "displayLabel": "DEFAULT_DIST_CCID",
            "type": "string"
        },
        {
            "name": "pRIMARYINTENDEDUSE",
            "oid": "63e17952-ddf3-419f-a38a-da047fde24af",
            "displayLabel": "PRIMARY_INTENDED_USE",
            "type": "string"
        },
        {
            "name": "sHIPTOLOCATIONID",
            "oid": "dee7ebb6-085e-4be6-820d-a2610db3bf45",
            "displayLabel": "SHIP_TO_LOCATION_ID",
            "type": "string"
        },
        {
            "name": "pRODUCTTYPE",
            "oid": "4f0160a6-d77c-42dc-9ddd-18dfca383417",
            "displayLabel": "PRODUCT_TYPE",
            "type": "string"
        },
        {
            "name": "pRODUCTCATEGORY",
            "oid": "4f1cd557-4c1a-4a59-8de7-8250ccb2cd9f",
            "displayLabel": "PRODUCT_CATEGORY",
            "type": "string"
        },
        {
            "name": "pRODUCTFISCCLASSIFICATION",
            "oid": "3df8de7b-cc3f-474a-990d-c20a8e3434e1",
            "displayLabel": "PRODUCT_FISC_CLASSIFICATION",
            "type": "string"
        },
        {
            "name": "uSERDEFINEDFISCCLASS",
            "oid": "b054db2b-fd32-4ebd-9bc4-6ad047877663",
            "displayLabel": "USER_DEFINED_FISC_CLASS",
            "type": "string"
        },
        {
            "name": "tRXBUSINESSCATEGORY",
            "oid": "28bb988d-cc0b-4814-b983-b738a93e7f6c",
            "displayLabel": "TRX_BUSINESS_CATEGORY",
            "type": "string"
        },
        {
            "name": "tAXREGIMECODE",
            "oid": "f5035009-049a-4d4e-86e6-e79365b21766",
            "displayLabel": "TAX_REGIME_CODE",
            "type": "string"
        },
        {
            "name": "tAX",
            "oid": "135864d6-fa78-4ac8-875c-e34fb90e0fa5",
            "displayLabel": "TAX",
            "type": "string"
        },
        {
            "name": "tAXJURISDICTIONCODE",
            "oid": "fbfb45aa-1b28-4aea-bc7e-6837b6169819",
            "displayLabel": "TAX_JURISDICTION_CODE",
            "type": "string"
        },
        {
            "name": "tAXSTATUSCODE",
            "oid": "ce6830e9-d9c5-4ada-ae38-d1c661f330b1",
            "displayLabel": "TAX_STATUS_CODE",
            "type": "string"
        },
        {
            "name": "tAXRATEID",
            "oid": "4b5c70e3-683d-434e-8c05-092a68ff00af",
            "displayLabel": "TAX_RATE_ID",
            "type": "string"
        },
        {
            "name": "tAXRATECODE",
            "oid": "8853181d-898c-40de-b73f-fee672f0481b",
            "displayLabel": "TAX_RATE_CODE",
            "type": "string"
        },
        {
            "name": "tAXRATE",
            "oid": "6e6fcbaa-a5f0-48fd-9633-438c5866d05e",
            "displayLabel": "TAX_RATE",
            "type": "string"
        },
        {
            "name": "iNCLINTAXABLELINEFLAG",
            "oid": "478df1f6-283e-4e72-971b-52b3be380420",
            "displayLabel": "INCL_IN_TAXABLE_LINE_FLAG",
            "type": "string"
        },
        {
            "name": "sOURCEAPPLICATIONID",
            "oid": "56c73e37-226f-4127-88ba-f04a5b600f68",
            "displayLabel": "SOURCE_APPLICATION_ID",
            "type": "string"
        },
        {
            "name": "sOURCEENTITYCODE",
            "oid": "77beb6c4-de56-4a1b-9253-6ee906d7b14e",
            "displayLabel": "SOURCE_ENTITY_CODE",
            "type": "string"
        },
        {
            "name": "sOURCEEVENTCLASSCODE",
            "oid": "603299e4-89d1-4ba0-9fc1-84f8bd32cecc",
            "displayLabel": "SOURCE_EVENT_CLASS_CODE",
            "type": "string"
        },
        {
            "name": "sOURCETRXID",
            "oid": "4f45c928-71b9-4af7-816c-c167d131e232",
            "displayLabel": "SOURCE_TRX_ID",
            "type": "string"
        },
        {
            "name": "sOURCELINEID",
            "oid": "cea327d2-954e-4a27-980c-ee0b6fb88a06",
            "displayLabel": "SOURCE_LINE_ID",
            "type": "string"
        },
        {
            "name": "sOURCETRXLEVELTYPE",
            "oid": "55d18305-8c7e-478a-b5ee-414536c6103b",
            "displayLabel": "SOURCE_TRX_LEVEL_TYPE",
            "type": "string"
        },
        {
            "name": "tAXCLASSIFICATIONCODE",
            "oid": "46990b90-85ed-43a9-9301-41307b0a3b88",
            "displayLabel": "TAX_CLASSIFICATION_CODE",
            "type": "string"
        },
        {
            "name": "cCREVERSALFLAG",
            "oid": "bc70fac2-6bb6-47c1-90d8-b03b8333a49d",
            "displayLabel": "CC_REVERSAL_FLAG",
            "type": "string"
        },
        {
            "name": "cOMPANYPREPAIDINVOICEID",
            "oid": "2ca71836-e45b-4b14-9983-57c45dbda8b5",
            "displayLabel": "COMPANY_PREPAID_INVOICE_ID",
            "type": "string"
        },
        {
            "name": "eXPENSEGROUP",
            "oid": "fa645ed1-b60c-45cf-adc9-34fe77b64a02",
            "displayLabel": "EXPENSE_GROUP",
            "type": "string"
        },
        {
            "name": "jUSTIFICATION",
            "oid": "6472e5ef-5d69-4b4e-b6e4-652657b06acc",
            "displayLabel": "JUSTIFICATION",
            "type": "string"
        },
        {
            "name": "mERCHANTDOCUMENTNUMBER",
            "oid": "1640d1a8-420e-4787-b83e-ff40a7189c9f",
            "displayLabel": "MERCHANT_DOCUMENT_NUMBER",
            "type": "string"
        },
        {
            "name": "mERCHANTNAME",
            "oid": "5bec12bc-04ec-4362-9295-901682c139ff",
            "displayLabel": "MERCHANT_NAME",
            "type": "string"
        },
        {
            "name": "mERCHANTREFERENCE",
            "oid": "6af1b0c9-fbff-498e-b160-1fa5405d4160",
            "displayLabel": "MERCHANT_REFERENCE",
            "type": "string"
        },
        {
            "name": "mERCHANTTAXREGNUMBER",
            "oid": "3b596e9c-7288-4e76-b729-d6fe46674b7b",
            "displayLabel": "MERCHANT_TAX_REG_NUMBER",
            "type": "string"
        },
        {
            "name": "mERCHANTTAXPAYERID",
            "oid": "00d850f4-6855-4fcf-9964-b3753af28f52",
            "displayLabel": "MERCHANT_TAXPAYER_ID",
            "type": "string"
        },
        {
            "name": "rECEIPTCURRENCYCODE",
            "oid": "f7bfdf0d-43f3-400b-b28f-cca72166445a",
            "displayLabel": "RECEIPT_CURRENCY_CODE",
            "type": "string"
        },
        {
            "name": "rECEIPTCONVERSIONRATE",
            "oid": "2c6ad344-0b78-4393-ae45-dc272332cca0",
            "displayLabel": "RECEIPT_CONVERSION_RATE",
            "type": "string"
        },
        {
            "name": "rECEIPTCURRENCYAMOUNT",
            "oid": "d751d915-c1e3-41d6-a465-aacc65695fab",
            "displayLabel": "RECEIPT_CURRENCY_AMOUNT",
            "type": "string"
        },
        {
            "name": "cOUNTRYOFSUPPLY",
            "oid": "43212360-49fc-4f1d-b963-11eb4f404ec5",
            "displayLabel": "COUNTRY_OF_SUPPLY",
            "type": "string"
        },
        {
            "name": "aMOUNTINCLUDESTAXFLAG",
            "oid": "53516330-d29c-449b-91f5-c2a6a2e31f97",
            "displayLabel": "AMOUNT_INCLUDES_TAX_FLAG",
            "type": "string"
        },
        {
            "name": "pJCCONTEXTCATEGORY",
            "oid": "5af39912-336f-47f0-9924-fbac89e092a5",
            "displayLabel": "PJC_CONTEXT_CATEGORY",
            "type": "string"
        },
        {
            "name": "pJCPROJECTID",
            "oid": "80d0287c-1fd9-4863-b2b5-087c625894c6",
            "displayLabel": "PJC_PROJECT_ID",
            "type": "string"
        },
        {
            "name": "pJCTASKID",
            "oid": "09dbedd9-822b-4feb-b970-26ede1c402c6",
            "displayLabel": "PJC_TASK_ID",
            "type": "string"
        },
        {
            "name": "pJCEXPENDITURETYPEID",
            "oid": "036c0a2f-2d81-4cee-b564-f3998f27bf1e",
            "displayLabel": "PJC_EXPENDITURE_TYPE_ID",
            "type": "string"
        },
        {
            "name": "pJCEXPENDITUREITEMDATE",
            "oid": "e7f41f1f-32d7-45e9-bf40-98dcda32f2bf",
            "displayLabel": "PJC_EXPENDITURE_ITEM_DATE",
            "type": "string"
        },
        {
            "name": "pJCORGANIZATIONID",
            "oid": "9491e988-7a50-43d5-b4d7-47298e19e8a8",
            "displayLabel": "PJC_ORGANIZATION_ID",
            "type": "string"
        },
        {
            "name": "pJCBILLABLEFLAG",
            "oid": "7e4c36ba-3d62-4bed-93f7-ead3377f7d59",
            "displayLabel": "PJC_BILLABLE_FLAG",
            "type": "string"
        },
        {
            "name": "pJCCAPITALIZABLEFLAG",
            "oid": "0eb7d505-dbb4-4f6a-95ff-c197de5db1d5",
            "displayLabel": "PJC_CAPITALIZABLE_FLAG",
            "type": "string"
        },
        {
            "name": "pJCWORKTYPEID",
            "oid": "222fc76c-20cf-489a-a8d1-c234bf981db9",
            "displayLabel": "PJC_WORK_TYPE_ID",
            "type": "string"
        },
        {
            "name": "pJCCONTRACTID",
            "oid": "8585a063-15c3-4d53-a54c-b9291e163a33",
            "displayLabel": "PJC_CONTRACT_ID",
            "type": "string"
        },
        {
            "name": "pJCCONTRACTLINEID",
            "oid": "56e71498-72b6-4ece-8138-c3e836f0b43c",
            "displayLabel": "PJC_CONTRACT_LINE_ID",
            "type": "string"
        },
        {
            "name": "pJCFUNDINGALLOCATIONID",
            "oid": "8b419d47-ab5d-4e0c-b810-45169905b8bb",
            "displayLabel": "PJC_FUNDING_ALLOCATION_ID",
            "type": "string"
        },
        {
            "name": "pJCRESERVEDATTRIBUTE1",
            "oid": "67bb8276-c3d3-483a-a3c3-79ad1259dd82",
            "displayLabel": "PJC_RESERVED_ATTRIBUTE1",
            "type": "string"
        },
        {
            "name": "pJCRESERVEDATTRIBUTE2",
            "oid": "085132bd-06c2-49fc-9fab-d6cf4b2491b8",
            "displayLabel": "PJC_RESERVED_ATTRIBUTE2",
            "type": "string"
        },
        {
            "name": "pJCRESERVEDATTRIBUTE3",
            "oid": "28deb97f-9f7c-4e63-903e-281aa1ea82bc",
            "displayLabel": "PJC_RESERVED_ATTRIBUTE3",
            "type": "string"
        },
        {
            "name": "pJCRESERVEDATTRIBUTE4",
            "oid": "922df78c-90a0-43d4-9c55-753d0e01fc6e",
            "displayLabel": "PJC_RESERVED_ATTRIBUTE4",
            "type": "string"
        },
        {
            "name": "pJCRESERVEDATTRIBUTE5",
            "oid": "32a8e82e-5862-4792-ab09-43b9d69c18cb",
            "displayLabel": "PJC_RESERVED_ATTRIBUTE5",
            "type": "string"
        },
        {
            "name": "pJCRESERVEDATTRIBUTE6",
            "oid": "4de45628-8dea-442b-ad06-8052ce63f790",
            "displayLabel": "PJC_RESERVED_ATTRIBUTE6",
            "type": "string"
        },
        {
            "name": "pJCRESERVEDATTRIBUTE7",
            "oid": "ab5f14c0-0aef-44d7-8de1-388f021d5fe0",
            "displayLabel": "PJC_RESERVED_ATTRIBUTE7",
            "type": "string"
        },
        {
            "name": "pJCRESERVEDATTRIBUTE8",
            "oid": "6f624925-9f8d-40c3-8186-3e99a6981fe9",
            "displayLabel": "PJC_RESERVED_ATTRIBUTE8",
            "type": "string"
        },
        {
            "name": "pJCRESERVEDATTRIBUTE9",
            "oid": "cf5cb497-6df3-4643-8211-2f083713aef0",
            "displayLabel": "PJC_RESERVED_ATTRIBUTE9",
            "type": "string"
        },
        {
            "name": "pJCRESERVEDATTRIBUTE10",
            "oid": "edd63233-f2f7-46fa-80ea-6b8ea5a1e11b",
            "displayLabel": "PJC_RESERVED_ATTRIBUTE10",
            "type": "string"
        },
        {
            "name": "pJCUSERDEFATTRIBUTE1",
            "oid": "151a8053-8d3f-4229-bdd3-c0eb4be3179a",
            "displayLabel": "PJC_USER_DEF_ATTRIBUTE1",
            "type": "string"
        },
        {
            "name": "pJCUSERDEFATTRIBUTE2",
            "oid": "f9854522-01a3-4ed4-8e67-0062b85c3215",
            "displayLabel": "PJC_USER_DEF_ATTRIBUTE2",
            "type": "string"
        },
        {
            "name": "pJCUSERDEFATTRIBUTE3",
            "oid": "f4b54c75-217f-4f6f-af50-c09046701bcc",
            "displayLabel": "PJC_USER_DEF_ATTRIBUTE3",
            "type": "string"
        },
        {
            "name": "pJCUSERDEFATTRIBUTE4",
            "oid": "aaf0c1aa-6a8d-4328-b3c2-b499b90bad3c",
            "displayLabel": "PJC_USER_DEF_ATTRIBUTE4",
            "type": "string"
        },
        {
            "name": "pJCUSERDEFATTRIBUTE5",
            "oid": "8db78266-334f-42ee-88c7-458168970c8a",
            "displayLabel": "PJC_USER_DEF_ATTRIBUTE5",
            "type": "string"
        },
        {
            "name": "pJCUSERDEFATTRIBUTE6",
            "oid": "092dfb22-bfce-4ac5-909b-48739556eb5e",
            "displayLabel": "PJC_USER_DEF_ATTRIBUTE6",
            "type": "string"
        },
        {
            "name": "pJCUSERDEFATTRIBUTE7",
            "oid": "5e757294-4cc7-4e18-9d50-aff8346517fd",
            "displayLabel": "PJC_USER_DEF_ATTRIBUTE7",
            "type": "string"
        },
        {
            "name": "pJCUSERDEFATTRIBUTE8",
            "oid": "975fb597-55ab-44c6-9c14-dfc95994e326",
            "displayLabel": "PJC_USER_DEF_ATTRIBUTE8",
            "type": "string"
        },
        {
            "name": "pJCUSERDEFATTRIBUTE9",
            "oid": "3d18a021-1802-4c3a-a6b6-ba05efd44d8f",
            "displayLabel": "PJC_USER_DEF_ATTRIBUTE9",
            "type": "string"
        },
        {
            "name": "pJCUSERDEFATTRIBUTE10",
            "oid": "2a8bf9bf-aab1-4063-9603-65b3b8e2c557",
            "displayLabel": "PJC_USER_DEF_ATTRIBUTE10",
            "type": "string"
        },
        {
            "name": "aTTRIBUTENUMBER1",
            "oid": "7fcfb74f-6574-43a0-a88d-00f88b3606ec",
            "displayLabel": "ATTRIBUTE_NUMBER1",
            "type": "string"
        },
        {
            "name": "aTTRIBUTENUMBER2",
            "oid": "54fb6f45-8884-464f-8290-126b2fcdd3dd",
            "displayLabel": "ATTRIBUTE_NUMBER2",
            "type": "string"
        },
        {
            "name": "aTTRIBUTENUMBER3",
            "oid": "977463b3-68c4-4bb7-b85d-a61d26bd8fde",
            "displayLabel": "ATTRIBUTE_NUMBER3",
            "type": "string"
        },
        {
            "name": "aTTRIBUTENUMBER4",
            "oid": "a32a98a2-5ba4-42cb-a976-1176c96a0d2f",
            "displayLabel": "ATTRIBUTE_NUMBER4",
            "type": "string"
        },
        {
            "name": "aTTRIBUTENUMBER5",
            "oid": "785d44fd-7ce2-486f-a747-62bba22c711a",
            "displayLabel": "ATTRIBUTE_NUMBER5",
            "type": "string"
        },
        {
            "name": "aTTRIBUTEDATE1",
            "oid": "bba0c84c-0e2f-41bc-872d-ff7dda05bc2d",
            "displayLabel": "ATTRIBUTE_DATE1",
            "type": "string"
        },
        {
            "name": "aTTRIBUTEDATE2",
            "oid": "a09da229-585e-4311-9877-4cd74115bceb",
            "displayLabel": "ATTRIBUTE_DATE2",
            "type": "string"
        },
        {
            "name": "aTTRIBUTEDATE3",
            "oid": "5f122b2a-570a-483c-b9af-f7dba8d2b826",
            "displayLabel": "ATTRIBUTE_DATE3",
            "type": "string"
        },
        {
            "name": "aTTRIBUTEDATE4",
            "oid": "08578f40-662b-493b-bbcb-fa5064ca2e6f",
            "displayLabel": "ATTRIBUTE_DATE4",
            "type": "string"
        },
        {
            "name": "aTTRIBUTEDATE5",
            "oid": "8971b506-de35-429c-952f-c18f29c73944",
            "displayLabel": "ATTRIBUTE_DATE5",
            "type": "string"
        },
        {
            "name": "gLOBALATTRIBUTENUMBER1",
            "oid": "b7e8f477-59d3-49e6-99e7-d646a3a53a5f",
            "displayLabel": "GLOBAL_ATTRIBUTE_NUMBER1",
            "type": "string"
        },
        {
            "name": "gLOBALATTRIBUTENUMBER2",
            "oid": "a425161c-f483-446e-9c9e-30af6ab81a7b",
            "displayLabel": "GLOBAL_ATTRIBUTE_NUMBER2",
            "type": "string"
        },
        {
            "name": "gLOBALATTRIBUTENUMBER3",
            "oid": "5ecbb026-f867-4a30-9852-114a632702e1",
            "displayLabel": "GLOBAL_ATTRIBUTE_NUMBER3",
            "type": "string"
        },
        {
            "name": "gLOBALATTRIBUTENUMBER4",
            "oid": "ecaf556e-5c63-4dbb-bc17-837ae6464d03",
            "displayLabel": "GLOBAL_ATTRIBUTE_NUMBER4",
            "type": "string"
        },
        {
            "name": "gLOBALATTRIBUTENUMBER5",
            "oid": "327f7115-40a8-44df-ba58-386b71c9bc6b",
            "displayLabel": "GLOBAL_ATTRIBUTE_NUMBER5",
            "type": "string"
        },
        {
            "name": "gLOBALATTRIBUTEDATE1",
            "oid": "2d9bff2a-07ce-4bda-a616-1f38be04d822",
            "displayLabel": "GLOBAL_ATTRIBUTE_DATE1",
            "type": "string"
        },
        {
            "name": "gLOBALATTRIBUTEDATE2",
            "oid": "85801434-0957-4ec4-8ccc-70362593e9f6",
            "displayLabel": "GLOBAL_ATTRIBUTE_DATE2",
            "type": "string"
        },
        {
            "name": "gLOBALATTRIBUTEDATE3",
            "oid": "a1c9b9fc-6cb0-40c4-88f8-482364716827",
            "displayLabel": "GLOBAL_ATTRIBUTE_DATE3",
            "type": "string"
        },
        {
            "name": "gLOBALATTRIBUTEDATE4",
            "oid": "b5442e75-fb23-4e59-8873-09d40ca4839e",
            "displayLabel": "GLOBAL_ATTRIBUTE_DATE4",
            "type": "string"
        },
        {
            "name": "gLOBALATTRIBUTEDATE5",
            "oid": "6a656dff-214e-4beb-b999-051079f8dc17",
            "displayLabel": "GLOBAL_ATTRIBUTE_DATE5",
            "type": "string"
        },
        {
            "name": "oBJECTVERSIONNUMBER",
            "oid": "e80c3924-c0d7-4ec4-873b-0015bdf9c3f6",
            "displayLabel": "OBJECT_VERSION_NUMBER",
            "type": "number"
        },
        {
            "name": "lOADREQUESTID",
            "oid": "01b6bd5d-1bee-471a-9944-b58c3d9455b0",
            "displayLabel": "LOAD_REQUEST_ID",
            "type": "number"
        },
        {
            "name": "bUDGETDATE",
            "oid": "392fc31f-6221-416f-8a28-f1eb80fbe4a5",
            "displayLabel": "BUDGET_DATE",
            "type": "string"
        },
        {
            "name": "lCMENABLEDFLAG",
            "oid": "3713ae5e-9613-4594-9c5d-351333cb0db4",
            "displayLabel": "LCM_ENABLED_FLAG",
            "type": "string"
        },
        {
            "name": "cONSUMPTIONADVICEHEADERID",
            "oid": "9292499f-d091-4ab0-a5fa-574232151ba5",
            "displayLabel": "CONSUMPTION_ADVICE_HEADER_ID",
            "type": "string"
        },
        {
            "name": "cONSUMPTIONADVICELINEID",
            "oid": "3ddb0768-2e7b-4881-8480-ddb0610abec3",
            "displayLabel": "CONSUMPTION_ADVICE_LINE_ID",
            "type": "string"
        },
        {
            "name": "cONSUMPTIONADVICENUMBER",
            "oid": "d76a359e-a043-4673-b90b-84d9e1c60a2b",
            "displayLabel": "CONSUMPTION_ADVICE_NUMBER",
            "type": "string"
        },
        {
            "name": "cONSUMPTIONADVICELINENUMBER",
            "oid": "e7ad76a6-9541-49cd-a57f-3825446faa8d",
            "displayLabel": "CONSUMPTION_ADVICE_LINE_NUMBER",
            "type": "string"
        },
        {
            "name": "sHIPFROMLOCATIONID",
            "oid": "75206169-7989-4e29-9dbf-62702e13ffb7",
            "displayLabel": "SHIP_FROM_LOCATION_ID",
            "type": "string"
        },
        {
            "name": "sHIPFROMLOCATIONCODE",
            "oid": "cef6d1e3-c707-4f5c-9fef-5383c34b7b55",
            "displayLabel": "SHIP_FROM_LOCATION_CODE",
            "type": "string"
        },
        {
            "name": "fINALDISCHARGELOCATIONID",
            "oid": "daa87056-b556-4440-aceb-7402938d4ecc",
            "displayLabel": "FINAL_DISCHARGE_LOCATION_ID",
            "type": "string"
        },
        {
            "name": "fINALDISCHARGELOCATIONCODE",
            "oid": "b9dcf4e7-45b1-42d2-baa3-44d09c1c643b",
            "displayLabel": "FINAL_DISCHARGE_LOCATION_CODE",
            "type": "string"
        },
        {
            "name": "aUTOMATICMATCHINGFLAG",
            "oid": "499edf2b-1007-466a-90d0-72326ca8ee28",
            "displayLabel": "AUTOMATIC_MATCHING_FLAG",
            "type": "string"
        },
        {
            "name": "mATCHINGRULESETID",
            "oid": "ecd81233-af52-45ce-9159-f4eff756bf83",
            "displayLabel": "MATCHING_RULE_SET_ID",
            "type": "string"
        },
        {
            "name": "mATCHINGRULEID",
            "oid": "ce55f8e4-993a-4928-86e5-1718d5fbaf57",
            "displayLabel": "MATCHING_RULE_ID",
            "type": "string"
        },
        {
            "name": "fISCALCHARGETYPE",
            "oid": "4fff5b18-6865-4a63-a21a-ad3900a29a31",
            "displayLabel": "FISCAL_CHARGE_TYPE",
            "type": "string"
        },
        {
            "name": "pJCPROJECTNAME",
            "oid": "da4df644-fa47-4c5f-9b25-4308af22406d",
            "displayLabel": "PJC_PROJECT_NAME",
            "type": "string"
        },
        {
            "name": "pJCTASKNUMBER",
            "oid": "69ae8eaa-a2f7-44a8-b7c8-e0d08f9ed69a",
            "displayLabel": "PJC_TASK_NUMBER",
            "type": "string"
        },
        {
            "name": "pJCEXPENDITURETYPENAME",
            "oid": "6c51b372-ab2d-4e20-876d-779cfb5cae83",
            "displayLabel": "PJC_EXPENDITURE_TYPE_NAME",
            "type": "string"
        },
        {
            "name": "pJCORGANIZATIONNAME",
            "oid": "18697e2b-8d95-4f06-b375-708b7bf4c1db",
            "displayLabel": "PJC_ORGANIZATION_NAME",
            "type": "string"
        },
        {
            "name": "pJCPROJECTNUMBER",
            "oid": "9a76e916-b7b3-4218-bf15-df048e9186a0",
            "displayLabel": "PJC_PROJECT_NUMBER",
            "type": "string"
        },
        {
            "name": "dEFACCTGACCRUALCCID",
            "oid": "86a547a1-f4cd-4685-b063-c548f9d06e3e",
            "displayLabel": "DEF_ACCTG_ACCRUAL_CCID",
            "type": "string"
        },
        {
            "name": "dEFACCRUALCODECONCATENATED",
            "oid": "9e043cb9-f5b7-48aa-a550-7d6aa45da509",
            "displayLabel": "DEF_ACCRUAL_CODE_CONCATENATED",
            "type": "string"
        },
        {
            "name": "pJCTASKNAME",
            "oid": "e22674a8-1be6-492d-8d48-df4533f4a25b",
            "displayLabel": "PJC_TASK_NAME",
            "type": "string"
        },
        {
            "name": "pJCWORKTYPE",
            "oid": "12cff9cf-952f-43a1-8267-7aba2a9c76b5",
            "displayLabel": "PJC_WORK_TYPE",
            "type": "string"
        },
        {
            "name": "pJCCONTRACTNAME",
            "oid": "ff88ce96-1f5a-4ad1-bb9c-c65dbcf61db2",
            "displayLabel": "PJC_CONTRACT_NAME",
            "type": "string"
        },
        {
            "name": "pJCCONTRACTNUMBER",
            "oid": "beae944f-ecc7-48d7-9c86-10ada9a0d4f5",
            "displayLabel": "PJC_CONTRACT_NUMBER",
            "type": "string"
        },
        {
            "name": "pJCFUNDINGSOURCENAME",
            "oid": "f9aef24f-36a5-45ed-bdb3-711cae403d9d",
            "displayLabel": "PJC_FUNDING_SOURCE_NAME",
            "type": "string"
        },
        {
            "name": "pJCFUNDINGSOURCENUMBER",
            "oid": "d7b1c862-0e4d-4590-b7c7-632dd6bcae9b",
            "displayLabel": "PJC_FUNDING_SOURCE_NUMBER",
            "type": "string"
        }
    ],
    "name": "FailedRecordsAPINVOICEL",
    "oid": "efcac84a-343d-435a-9fe1-eda7ffecbdd4",
    "displayLabel": "FailedRecords_AP_INVOICE_LINES_INTERFACE",
    "security": {
        "type": "local",
        "acl": [
            {
                "roleId": "approle.authenticated.user",
                "privileges": [
                    {
                        "name": "view",
                        "value": true
                    },
                    {
                        "name": "create",
                        "value": true
                    },
                    {
                        "name": "update",
                        "value": true
                    },
                    {
                        "name": "delete",
                        "value": true
                    }
                ]
            }
        ]
    }
}