{
  "applicationModelVersion": "18.4.1",
  "id": "starter",
  "description": "A new VB app",
  "defaultPage": "shell",
  "chains": {},
  "services": {
    "businessObjects": "../../services/businessObjects/service.json",
    "FAPOPROXY": "../../services/FAPOPROXY/service.json"
  },
  "translations": {
    "app": {
      "path": "./resources/strings/app/nls/app-strings"
    }
  },
  "types": {},
  "variables": {},
  "userConfig": {
    "type": "vb/DefaultSecurityProvider",
    "configuration": {}
  },
  "security":{}
}