{
    "fields": [
        {
            "name": "id",
            "internal": true,
            "key": true,
            "oid": "dd9157c7-6923-4b50-8e08-2ec1f767d47a",
            "required": true,
            "displayLabel": "Id",
            "type": "number",
            "unique": true
        },
        {
            "name": "creationDate",
            "internal": true,
            "oid": "2570edcb-8ff7-4815-bb88-400fc4aba033",
            "displayLabel": "Created",
            "type": "datetime"
        },
        {
            "name": "lastUpdateDate",
            "internal": true,
            "oid": "b24d7437-0318-4f55-a02d-d70e2cbc4da1",
            "displayLabel": "Last Updated",
            "type": "datetime"
        },
        {
            "name": "createdBy",
            "internal": true,
            "oid": "0a1327c9-2c0a-4f82-87b4-5c53b2464d38",
            "displayLabel": "Created By",
            "type": "string"
        },
        {
            "name": "lastUpdatedBy",
            "internal": true,
            "oid": "d4560253-9ef6-4ae9-9a0f-cfa7643fee7b",
            "displayLabel": "Last Updated By",
            "type": "string"
        },
        {
            "hidden": true,
            "name": "abcsChangeNumber",
            "internal": true,
            "oid": "60eb4625-0968-42a9-b0d9-422249574515",
            "displayLabel": "<internal>",
            "type": "number"
        },
        {
            "name": "failedRecordsAPINVOICEL",
            "oid": "909256c6-2b97-4228-8db9-1500fb1a3e5f",
            "required": true,
            "displayLabel": "FailedRecords_AP_INVOICE_LINES_INTERFACE",
            "type": "reference"
        },
        {
            "name": "failedRecordsAPINVOICES",
            "oid": "78c831ab-9558-4d32-aa86-943a8efd8ece",
            "required": true,
            "displayLabel": "FailedRecords_AP_INVOICES_INTERFACE",
            "type": "reference"
        }
    ],
    "name": "FailedRecordsAPINVOICE2",
    "oid": "da0cfbe3-4f92-40fc-b6c8-b4956e0a9031",
    "relations": [
        {
            "accessorId": "failedRecordsAPINVOICE2",
            "cardinality": "manyToOne",
            "defaultDisplayFieldId": "iNVOICEID",
            "deleteRule": "cascade",
            "mappingFieldId": "failedRecordsAPINVOICES",
            "derivedRelationInfoMap": {
                "$reverse": {
                    "accessorId": "failedRecordsAPINVOICES"
                }
            },
            "sourceEntityId": "FailedRecordsAPINVOICE2",
            "targetEntityId": "FailedRecordsAPINVOICES"
        },
        {
            "accessorId": "failedRecordsAPINVOICE2",
            "cardinality": "manyToOne",
            "defaultDisplayFieldId": "iNVOICEID",
            "deleteRule": "cascade",
            "mappingFieldId": "failedRecordsAPINVOICEL",
            "derivedRelationInfoMap": {
                "$reverse": {
                    "accessorId": "failedRecordsAPINVOICES"
                }
            },
            "sourceEntityId": "FailedRecordsAPINVOICE2",
            "targetEntityId": "FailedRecordsAPINVOICEL"
        }
    ],
    "displayLabel": "FailedRecords_AP_INVOICES_INTERFACE FailedRecords_AP_INVOICE_LINES_INTERFACE",
    "security": {
        "type": "local",
        "acl": [
            {
                "roleId": "approle.authenticated.user",
                "privileges": [
                    {
                        "name": "view",
                        "value": true
                    },
                    {
                        "name": "create",
                        "value": true
                    },
                    {
                        "name": "update",
                        "value": true
                    },
                    {
                        "name": "delete",
                        "value": true
                    }
                ]
            }
        ]
    }
}