{
    "fields": [
        {
            "id": "id",
            "internal": true,
            "key": true,
            "oid": "24298cd6-f557-4614-a7dd-e611df963675",
            "required": true,
            "singularName": "Id",
            "type": "number",
            "unique": true
        },
        {
            "id": "creationDate",
            "internal": true,
            "oid": "1dfbf1eb-0de8-4399-a190-0d431c95db54",
            "singularName": "Created",
            "type": "datetime"
        },
        {
            "id": "lastUpdateDate",
            "internal": true,
            "oid": "6f66de2f-9593-46b0-8454-4abd46ae3c2e",
            "singularName": "Last Updated",
            "type": "datetime"
        },
        {
            "id": "createdBy",
            "internal": true,
            "oid": "c00b2073-3318-4544-a9c6-1e03fa1757ba",
            "singularName": "Created By",
            "type": "string"
        },
        {
            "id": "lastUpdatedBy",
            "internal": true,
            "oid": "fdcd8a47-84a9-4e3f-a7dd-d18ba646eee7",
            "singularName": "Last Updated By",
            "type": "string"
        },
        {
            "hidden": true,
            "id": "abcsChangeNumber",
            "internal": true,
            "oid": "509180c4-b25c-4b7a-a9ad-604b5fba241e",
            "singularName": "<internal>",
            "type": "number"
        },
        {
            "id": "pOHeaderId",
            "oid": "51861ae5-67cb-4d09-91bb-3e442de65a5b",
            "singularName": "POHeaderId",
            "type": "string",
            "updatable": false,
            "required": true,
            "unique": true
        },
        {
            "id": "orderNumber",
            "oid": "605bcdb6-2ea5-4a7c-a51c-3e9912b467ec",
            "singularName": "OrderNumber",
            "type": "string"
        },
        {
            "id": "procurementBUId",
            "oid": "1b480a08-08b7-4acd-98be-a2a95cf50bca",
            "singularName": "ProcurementBUId",
            "type": "string"
        },
        {
            "id": "procurementBusinessUnit",
            "oid": "2d49bbb5-b1a9-4ec8-88d6-49796f74dc86",
            "singularName": "ProcurementBusinessUnit",
            "type": "string"
        },
        {
            "id": "supplierId",
            "oid": "0f3ba5d4-c39b-4bde-b2e7-c4f3951c4266",
            "singularName": "SupplierId",
            "type": "string"
        },
        {
            "id": "supplier",
            "oid": "564d063b-fd96-4632-92db-8380e631fa41",
            "singularName": "Supplier",
            "type": "string"
        },
        {
            "id": "soldToLegalEntity",
            "oid": "b4f6ad6f-143c-4c65-87e4-3d099126ed24",
            "singularName": "SoldToLegalEntity",
            "type": "string"
        },
        {
            "id": "lOCId",
            "oid": "432bac93-3235-42ae-aad5-18e83ecee859",
            "singularName": "LOCId",
            "type": "number"
        }
    ],
    "id": "PO",
    "oid": "ea0e39d2-5aac-4389-8ff2-c47c9abbce38",
    "singularName": "PO"
}