{
    "fields": [
        {
            "hidden": false,
            "name": "id",
            "internal": true,
            "key": true,
            "oid": "b4f53e55-12c3-47b2-864e-74e542ccd92c",
            "required": true,
            "displayLabel": "Id",
            "type": "number",
            "unique": true
        },
        {
            "hidden": false,
            "name": "creationDate",
            "internal": true,
            "key": false,
            "oid": "061b4536-2580-49ea-af47-63d4d1cbd293",
            "displayLabel": "Creation Date",
            "type": "datetime"
        },
        {
            "hidden": false,
            "name": "lastUpdateDate",
            "internal": true,
            "key": false,
            "oid": "de1931ad-977c-466c-bf2b-66774409f950",
            "displayLabel": "Last Update Date",
            "type": "datetime"
        },
        {
            "hidden": false,
            "name": "createdBy",
            "internal": true,
            "key": false,
            "oid": "521070b4-6f32-4c1e-ae8c-957254f23b91",
            "displayLabel": "Created By",
            "type": "string"
        },
        {
            "hidden": false,
            "name": "lastUpdatedBy",
            "internal": true,
            "key": false,
            "oid": "0428fe17-7f4d-4186-958c-0cef6e9be602",
            "displayLabel": "Last Updated By",
            "type": "string"
        },
        {
            "hidden": true,
            "name": "abcsChangeNumber",
            "internal": true,
            "key": false,
            "oid": "d13d4f12-d320-49fb-9943-6566fd69bfb6",
            "displayLabel": "Update ID",
            "type": "number"
        },
        {
            "name": "pARENTTABLE",
            "oid": "213554a1-6b8b-4262-874b-ba6a518f6185",
            "displayLabel": "PARENT_TABLE",
            "type": "string"
        },
        {
            "name": "pARENTID",
            "oid": "6b13cb20-fde9-458e-9902-5da9088d94f5",
            "displayLabel": "PARENT_ID",
            "type": "number"
        },
        {
            "name": "rEJECTLOOKUPCODE",
            "oid": "9a13c575-b50e-4fc5-bd9e-580fa60652a9",
            "displayLabel": "REJECT_LOOKUP_CODE",
            "type": "string"
        },
        {
            "name": "lASTUPDATEDBY2",
            "oid": "2f0a87e7-a331-4f47-9364-54fcf7b7ebaf",
            "displayLabel": "LAST_UPDATED_BY",
            "type": "string"
        },
        {
            "name": "lASTUPDATEDATE2",
            "oid": "10fb0319-e052-4d9d-bc18-134e9f6c5ee6",
            "displayLabel": "LAST_UPDATE_DATE",
            "type": "date"
        },
        {
            "name": "lASTUPDATELOGIN",
            "oid": "3eaa4b67-271c-4f15-b11e-8637b150748c",
            "displayLabel": "LAST_UPDATE_LOGIN",
            "type": "string"
        },
        {
            "name": "cREATEDBY2",
            "oid": "134f1cc3-827c-466f-8e1f-50fada5c3d17",
            "displayLabel": "CREATED_BY",
            "type": "string"
        },
        {
            "name": "cREATIONDATE2",
            "oid": "b39290ef-c4fc-45b5-ad39-3b1780808551",
            "displayLabel": "CREATION_DATE",
            "type": "date"
        },
        {
            "name": "tOKENNAME1",
            "oid": "f0dfd420-15b0-411b-ba31-d561d0835a70",
            "displayLabel": "TOKEN_NAME1",
            "type": "string"
        },
        {
            "name": "tOKENNAME2",
            "oid": "f51b859b-05b8-4f67-bb62-02e5a3e07076",
            "displayLabel": "TOKEN_NAME2",
            "type": "string"
        },
        {
            "name": "tOKENNAME3",
            "oid": "0490add1-0a8d-470e-91d6-cac6a2de5199",
            "displayLabel": "TOKEN_NAME3",
            "type": "string"
        },
        {
            "name": "tOKENNAME4",
            "oid": "7e8444cb-85eb-46df-a6c3-c16daf2187c9",
            "displayLabel": "TOKEN_NAME4",
            "type": "string"
        },
        {
            "name": "tOKENNAME5",
            "oid": "f78d3386-0402-416f-9f07-bf0ce485366c",
            "displayLabel": "TOKEN_NAME5",
            "type": "string"
        },
        {
            "name": "tOKENNAME6",
            "oid": "5be34ddc-cf3b-49b2-9b0c-493e32d1fd33",
            "displayLabel": "TOKEN_NAME6",
            "type": "string"
        },
        {
            "name": "tOKENNAME7",
            "oid": "f7016fb7-1a7d-4973-a1f5-f361ee4c5d40",
            "displayLabel": "TOKEN_NAME7",
            "type": "string"
        },
        {
            "name": "tOKENNAME8",
            "oid": "8043eedd-8b3f-4bed-ad4a-84e70d958e72",
            "displayLabel": "TOKEN_NAME8",
            "type": "string"
        },
        {
            "name": "tOKENNAME9",
            "oid": "a2113a5a-ea89-43ec-b3eb-f1448907a877",
            "displayLabel": "TOKEN_NAME9",
            "type": "string"
        },
        {
            "name": "tOKENNAME10",
            "oid": "9c180871-a16d-4d70-8450-3b14fb9f6e9b",
            "displayLabel": "TOKEN_NAME10",
            "type": "string"
        },
        {
            "name": "tOKENVALUE1",
            "oid": "db8c4761-8f66-44bd-aa5d-449d61d9d64d",
            "displayLabel": "TOKEN_VALUE1",
            "type": "string"
        },
        {
            "name": "tOKENVALUE2",
            "oid": "78fcb7dd-4490-47d9-9c6c-59a48f4a66c1",
            "displayLabel": "TOKEN_VALUE2",
            "type": "string"
        },
        {
            "name": "tOKENVALUE3",
            "oid": "a805695a-2b06-417f-9ba1-fd66bfb99b12",
            "displayLabel": "TOKEN_VALUE3",
            "type": "string"
        },
        {
            "name": "tOKENVALUE4",
            "oid": "f13547e0-911f-4e86-a496-bb47128e0b0d",
            "displayLabel": "TOKEN_VALUE4",
            "type": "string"
        },
        {
            "name": "tOKENVALUE5",
            "oid": "0eee7bc1-ece1-4e63-9ac3-7bffc4b51aee",
            "displayLabel": "TOKEN_VALUE5",
            "type": "string"
        },
        {
            "name": "tOKENVALUE6",
            "oid": "42b41a4a-d079-440d-987d-9b9bbe8ebb84",
            "displayLabel": "TOKEN_VALUE6",
            "type": "string"
        },
        {
            "name": "tOKENVALUE7",
            "oid": "654b438f-336f-43f4-a137-1567c290d62b",
            "displayLabel": "TOKEN_VALUE7",
            "type": "string"
        },
        {
            "name": "tOKENVALUE8",
            "oid": "c67bed51-a13b-4b60-a758-42a2866f6f4f",
            "displayLabel": "TOKEN_VALUE8",
            "type": "string"
        },
        {
            "name": "tOKENVALUE9",
            "oid": "48db03e4-7361-4a9f-bd47-8c521ea1a9fd",
            "displayLabel": "TOKEN_VALUE9",
            "type": "string"
        },
        {
            "name": "tOKENVALUE10",
            "oid": "5c0ba0fa-1e87-4568-aebf-c3cd6ef46a37",
            "displayLabel": "TOKEN_VALUE10",
            "type": "string"
        },
        {
            "name": "nOTIFYVENDORFLAG",
            "oid": "598a19e4-4a69-41d2-a6a7-e8b5bab531fb",
            "displayLabel": "NOTIFY_VENDOR_FLAG",
            "type": "string"
        },
        {
            "name": "oBJECTVERSIONNUMBER",
            "oid": "a1e43458-f2ed-41f4-8d0a-e62451b1270c",
            "displayLabel": "OBJECT_VERSION_NUMBER",
            "type": "number"
        },
        {
            "name": "lOADREQUESTID",
            "oid": "478e0ec3-2425-4859-8bc4-ec337541e17c",
            "displayLabel": "LOAD_REQUEST_ID",
            "type": "number"
        },
        {
            "name": "iNVOICEID",
            "oid": "ad7fe5d6-80fc-429b-988a-864f975b5fb9",
            "displayLabel": "INVOICE_ID",
            "type": "string"
        },
        {
            "name": "lINENUMBER",
            "oid": "8399dec9-a275-42eb-a573-03a075c34c6a",
            "displayLabel": "LINE_NUMBER",
            "type": "string"
        },
        {
            "name": "rEJECTIONMESSAGE",
            "oid": "d4f95315-2ccb-4aef-85d2-3a83bb44e4a5",
            "displayLabel": "REJECTION_MESSAGE",
            "type": "string"
        }
    ],
    "name": "FailedRecordsAPINTERFAC",
    "oid": "8b073b15-6f6d-416f-8d00-c7a6abc985d8",
    "displayLabel": "FailedRecords_ AP_INTERFACE_REJECTIONS",
    "security": {
        "type": "local",
        "acl": [
            {
                "roleId": "approle.authenticated.user",
                "privileges": [
                    {
                        "name": "view",
                        "value": true
                    },
                    {
                        "name": "create",
                        "value": true
                    },
                    {
                        "name": "update",
                        "value": true
                    },
                    {
                        "name": "delete",
                        "value": true
                    }
                ]
            }
        ]
    }
}