{
  "pageModelVersion": "18.4.1",
  "title": "Edit PO",
  "description": "Updates single PO record",
  "variables": {
    "pORecord": {
      "type": "page:updatePORequest"
    },
    "pOId": {
      "type": "string",
      "required": true,
      "input": "fromUrl"
    },
    "pORecordETag": {
      "type": "string"
    },
    "lOCListSDP": {
      "type": "vb/ServiceDataProvider",
      "defaultValue": {
        "endpoint": "businessObjects/getall_LOC",
        "idAttribute": "id",
        "itemsPath": "items",
        "responseType": "page:getallLOCResponse"
      }
    }
  },
  "types": {
    "updatePORequest": {
      "id": "number",
      "pOHeaderId": "string",
      "orderNumber": "string",
      "procurementBUId": "string",
      "procurementBusinessUnit": "string",
      "supplierId": "string",
      "supplier": "string",
      "soldToLegalEntity": "string",
      "lOCId": "number"
    },
    "@decorators.updatePORequest": {
      "endpoint": "update_PO",
      "service": "businessObjects",
      "path": "request"
    },
    "businessObjectServiceErrorResponseType": {
      "body": {
        "status": "string",
        "title": "string",
        "o_errorDetails": [
          {
            "detail": "string",
            "o_errorCode": "string"
          }
        ]
      },
      "status": "number"
    },
    "getallLOCResponse": {
      "items": [
        {
          "id": "number"
        }
      ]
    },
    "@decorators.getallLOCResponse": {
      "endpoint": "getall_LOC",
      "service": "businessObjects",
      "path": "response"
    }
  },
  "chains": {
    "goBackChain": {
      "root": "navigateBack",
      "actions": {
        "navigateBack": {
          "module": "vb/action/builtin/navigateBackAction",
          "outcomes": {
            "success": ""
          }
        }
      }
    },
    "loadPOChain": {
      "root": "loadPO",
      "actions": {
        "loadPO": {
          "module": "vb/action/builtin/restAction",
          "parameters": {
            "endpoint": "businessObjects/get_PO",
            "uriParams": {
              "PO_Id": "{{ $page.variables.pOId }}"
            },
            "responseType": "page:updatePORequest"
          },
          "outcomes": {
            "success": "assignPayload",
            "failure": "fireErrorNotification"
          }
        },
        "assignPayload": {
          "module": "vb/action/builtin/assignVariablesAction",
          "parameters": {
            "$page.variables.pORecord": {
              "source": "{{ $chain.results.loadPO.body }}"
            },
            "$page.variables.pORecordETag": {
              "source": "[[ $chain.results.loadPO.headers.get('ETag') ]]"
            }
          },
          "outcomes": {}
        },
        "fireErrorNotification": {
          "module": "vb/action/builtin/fireNotificationEventAction",
          "parameters": {
            "message": "{{ 'Could not load data: status ' + $chain.results.loadPO.payload.status }}",
            "type": "error",
            "displayMode": "persist"
          },
          "outcomes": {}
        }
      }
    },
    "savePOChain": {
      "variables": {
        "saveFailureResult": {
          "type": "page:businessObjectServiceErrorResponseType"
        },
        "errorMessage": {
          "type": "string"
        },
        "saveHeaders": {
          "type": "object"
        }
      },
      "root": "checkETag",
      "actions": {
        "checkETag": {
          "module": "vb/action/builtin/ifAction",
          "parameters": {
            "condition": "[[ $page.variables.pORecordETag ]]"
          },
          "outcomes": {
            "true": "assignIfMatchHeader",
            "false": "savePO"
          }
        },
        "assignIfMatchHeader": {
          "module": "vb/action/builtin/assignVariablesAction",
          "parameters": {
            "$chain.variables.saveHeaders": {
              "source": "[[ { 'If-Match': $page.variables.pORecordETag } ]]"
            }
          },
          "outcomes": {
            "success": "savePO"
          }
        },
        "savePO": {
          "module": "vb/action/builtin/restAction",
          "parameters": {
            "endpoint": "businessObjects/update_PO",
            "body": "{{ $page.variables.pORecord }}",
            "requestType": "json",
            "uriParams": {
              "PO_Id": "{{ $page.variables.pOId }}"
            },
            "headers": "[[ $chain.variables.saveHeaders ]]"
          },
          "outcomes": {
            "success": "assignPayload",
            "failure": "assignFailureResult"
          }
        },
        "assignPayload": {
          "module": "vb/action/builtin/assignVariablesAction",
          "parameters": {
            "$page.variables.pORecord": {
              "source": "{{ $chain.results.savePO.body }}"
            },
            "$page.variables.pORecordETag": {
              "source": "[[ $chain.results.savePO.headers.get('ETag') ]]"
            }
          },
          "outcomes": {
            "success": "fireSuccessNotification"
          }
        },
        "fireSuccessNotification": {
          "module": "vb/action/builtin/fireNotificationEventAction",
          "parameters": {
            "message": "PO record successfully updated",
            "type": "confirmation",
            "displayMode": "transient"
          },
          "outcomes": {
            "success": "callGoBackChain"
          }
        },
        "callGoBackChain": {
          "module": "vb/action/builtin/callChainAction",
          "parameters": {
            "id": "goBackChain"
          }
        },
        "assignFailureResult": {
          "module": "vb/action/builtin/assignVariablesAction",
          "parameters": {
            "$chain.variables.saveFailureResult": {
              "source": "[[ $chain.results.savePO.payload ]]",
              "mapping": {
                "$target": "$source",
                "$target.body.o_errorDetails": {
                  "source": "$source.body['o:errorDetails'] || []",
                  "mapping": {
                    "$target.o_errorCode": "$source['o:errorCode']",
                    "$target.detail": "$source.detail"
                  }
                }
              }
            }
          },
          "outcomes": {
            "success": "testFailureDetails"
          }
        },
        "testFailureDetails": {
          "module": "vb/action/builtin/ifAction",
          "outcomes": {
            "true": "handleDetailedErrorMessage",
            "false": "handleDefaultErrorMessage"
          },
          "parameters": {
            "condition": "[[ $chain.variables.saveFailureResult.body.o_errorDetails[0] ]]"
          }
        },
        "handleDetailedErrorMessage": {
          "module": "vb/action/builtin/assignVariablesAction",
          "outcomes": {
            "success": "fireErrorNotification"
          },
          "parameters": {
            "$chain.variables.errorMessage": {
              "source": "[[ $chain.variables.saveFailureResult.body.o_errorDetails[0].detail ]]"
            }
          }
        },
        "handleDefaultErrorMessage": {
          "module": "vb/action/builtin/assignVariablesAction",
          "outcomes": {
            "success": "fireErrorNotification"
          },
          "parameters": {
            "$chain.variables.errorMessage": {
              "source": "[[ 'Could not update PO: status ' + $chain.results.savePO.payload.status ]]"
            }
          }
        },
        "fireErrorNotification": {
          "module": "vb/action/builtin/fireNotificationEventAction",
          "parameters": {
            "message": "[[ $chain.variables.errorMessage ]]",
            "type": "error",
            "displayMode": "persist"
          }
        }
      }
    },
    "ButtonAction": {
      "description": "",
      "variables": {
        "detail": {
          "required": true,
          "type": "any",
          "input": "fromCaller"
        }
      },
      "root": "",
      "actions": {
      }
    },
    "ButtonAction1": {
      "description": "",
      "variables": {
        "detail": {
          "required": true,
          "type": "any",
          "input": "fromCaller"
        }
      },
      "root": "navigateBackToPOListPage",
      "actions": {
        "navigateBackToPOListPage": {
          "module": "vb/action/builtin/navigateBackAction"
        }
      }
    }
  },
  "eventListeners": {
    "backButtonClicked": {
      "chains": [
        {
          "chainId": "goBackChain"
        }
      ]
    },
    "saveButtonClicked": {
      "chains": [
        {
          "chainId": "savePOChain"
        }
      ]
    },
    "vbEnter": {
      "chains": [
        {
          "chainId": "loadPOChain"
        }
      ]
    },
    "ojButton1240020411OjAction": {
      "chains": [
        {
          "chainId": "ButtonAction1",
          "parameters": {
            "detail": "{{ $event.detail }}"
          }
        }
      ]
    }
  },
  "imports": {
    "components": {
      "oj-form-layout": {
        "path": "ojs/ojformlayout"
      },
      "oj-input-text": {
        "path": "ojs/ojinputtext"
      },
      "oj-input-number": {
        "path": "ojs/ojinputnumber"
      },
      "oj-toolbar": {
        "path": "ojs/ojtoolbar"
      },
      "oj-button": {
        "path": "ojs/ojbutton"
      },
      "oj-label": {
        "path": "ojs/ojlabel"
      },
      "oj-combobox-one": {
        "path": "ojs/ojselectcombobox"
      }
    }
  }
}