{
  "pageModelVersion": "18.4.1",
  "title": "",
  "description": "",
  "variables": {
    "pOListSDP": {
      "type": "vb/ServiceDataProvider",
      "defaultValue": {
        "endpoint": "businessObjects/getall_PO",
        "idAttribute": "pOHeaderId",
        "itemsPath": "items",
        "responseType": "page:getallPOResponse"
      }
    },
    "oj_table_596603587_1SelectedId": {
      "type": "string",
      "defaultValue": ""
    },
    "pOListSDP2": {
      "type": "vb/ServiceDataProvider",
      "defaultValue": {
        "endpoint": "businessObjects/getall_PO",
        "idAttribute": "id",
        "itemsPath": "items",
        "responseType": "page:getallPOResponse2"
      }
    },
    "oj_list_view_596603587_1SelectedId": {
      "type": "string",
      "defaultValue": ""
    }
  },
  "types": {
    "getallPOResponse": {
      "items": [
        {
          "creationDate": "string",
          "pOHeaderId": "string",
          "orderNumber": "string",
          "procurementBusinessUnit": "string",
          "supplier": "string",
          "lOCId": "number"
        }
      ]
    },
    "@decorators.getallPOResponse": {
      "endpoint": "getall_PO",
      "service": "businessObjects",
      "path": "response"
    },
    "getallPOResponse2": {
      "items": [
        {
          "id": "number",
          "pOHeaderId": "string",
          "orderNumber": "string",
          "supplier": "string",
          "lOCId": "number"
        }
      ]
    },
    "@decorators.getallPOResponse2": {
      "endpoint": "getall_PO",
      "service": "businessObjects",
      "path": "response"
    }
  },
  "chains": {
    "oj_table_596603587_1ChangeSelectionChain": {
      "variables": {
        "pOId": {
          "type": "string",
          "input": "fromCaller",
          "defaultValue": ""
        }
      },
      "root": "assignVariable",
      "actions": {
        "assignVariable": {
          "module": "vb/action/builtin/assignVariablesAction",
          "parameters": {
            "$page.variables.oj_table_596603587_1SelectedId": {
              "source": "[[ $chain.variables.pOId ]]"
            }
          },
          "outcomes": {
            "success": ""
          }
        }
      }
    },
    "navigateToEditPOChain": {
      "root": "navigateToEdit",
      "actions": {
        "navigateToEdit": {
          "module": "vb/action/builtin/navigateToPageAction",
          "parameters": {
            "history": "push",
            "page": "main-edit-po",
            "params": {
              "pOId": "[[ $page.variables.oj_table_596603587_1SelectedId ]]"
            }
          },
          "outcomes": {
            "success": ""
          }
        }
      }
    },
    "oj_list_view_596603587_1ChangeSelectionChain": {
      "variables": {
        "pOId": {
          "type": "string",
          "input": "fromCaller",
          "defaultValue": ""
        }
      },
      "root": "assignVariable",
      "actions": {
        "assignVariable": {
          "module": "vb/action/builtin/assignVariablesAction",
          "parameters": {
            "$page.variables.oj_list_view_596603587_1SelectedId": {
              "source": "[[ $chain.variables.pOId ]]"
            }
          },
          "outcomes": {
            "success": ""
          }
        }
      }
    },
    "navigateToEditPOChain2": {
      "root": "navigateToEdit",
      "actions": {
        "navigateToEdit": {
          "module": "vb/action/builtin/navigateToPageAction",
          "parameters": {
            "history": "push",
            "page": "editpopage",
            "params": {
              "pOId": "[[ $page.variables.oj_list_view_596603587_1SelectedId ]]"
            }
          },
          "outcomes": {
            "success": ""
          }
        }
      }
    },
    "ButtonAction": {
      "description": "",
      "variables": {
        "detail": {
          "required": true,
          "type": "any",
          "input": "fromCaller"
        }
      },
      "root": "navigateBackToMainPage",
      "actions": {
        "navigateBackToMainPage": {
          "module": "vb/action/builtin/navigateBackAction"
        }
      }
    }
  },
  "eventListeners": {
    "oj_table_596603587_1SelectionChanged": {
      "chains": [
        {
          "chainId": "oj_table_596603587_1ChangeSelectionChain",
          "parameters": {
            "pOId": "[[ ($event.detail.value && $event.detail.value[0] && 'row' in $event.detail.value[0].startKey) ? $event.detail.value[0].startKey.row : '' ]]"
          }
        }
      ]
    },
    "editPOButtonClicked": {
      "chains": [
        {
          "chainId": "navigateToEditPOChain"
        }
      ]
    },
    "oj_list_view_596603587_1SelectionChanged": {
      "chains": [
        {
          "chainId": "oj_list_view_596603587_1ChangeSelectionChain",
          "parameters": {
            "pOId": "[[ $event.detail.value[0] || '' ]]"
          }
        }
      ]
    },
    "editPOButtonClicked2": {
      "chains": [
        {
          "chainId": "navigateToEditPOChain2"
        }
      ]
    },
    "ojButton119225331OjAction": {
      "chains": [
        {
          "chainId": "ButtonAction",
          "parameters": {
            "detail": "{{ $event.detail }}"
          }
        }
      ]
    }
  },
  "imports": {
    "components": {
      "oj-table": {
        "path": "ojs/ojtable"
      },
      "oj-toolbar": {
        "path": "ojs/ojtoolbar"
      },
      "oj-button": {
        "path": "ojs/ojbutton"
      },
      "oj-list-view": {
        "path": "ojs/ojlistview"
      },
      "oj-label": {
        "path": "ojs/ojlabel"
      }
    }
  }
}